site,sex,estimate,race,stage,agegroup,tt,PE,lci,uci
Lung_and_bronchus,Male,ADb,,,0,0.0,0.0,0.0,0.0
Lung_and_bronchus,Male,ADb,,,0,0.050000001,9.173218970307031,8.2317867,10.114651
Lung_and_bronchus,Male,ADb,,,0,0.1,18.2477726797934,16.402065,20.093481
Lung_and_bronchus,Male,ADb,,,0,0.15000001,25.75032272182233,23.16947,28.331175
Lung_and_bronchus,Male,ADb,,,0,0.2,31.89482911897107,28.719696,35.069962
Lung_and_bronchus,Male,ADb,,,0,0.25,36.95038132886611,33.291683,40.609081
Lung_and_bronchus,Male,ADb,,,0,0.30000001,41.13834553770971,37.083031,45.193661
Lung_and_bronchus,Male,ADb,,,0,0.34999999,44.63030879411747,40.24733,49.013287
Lung_and_bronchus,Male,ADb,,,0,0.40000001,47.56029272677847,42.904789,52.215794
Lung_and_bronchus,Male,ADb,,,0,0.44999999,50.04735826093076,45.162457,54.932259
Lung_and_bronchus,Male,ADb,,,0,0.5,52.18631469133402,47.105701,57.26693
Lung_and_bronchus,Male,ADb,,,0,0.55000001,54.04581564469117,48.796387,59.295246
Lung_and_bronchus,Male,ADb,,,0,0.60000002,55.67658871542017,50.280251,61.072926
Lung_and_bronchus,Male,ADb,,,0,0.64999998,57.11686216131829,51.591785,62.641937
Lung_and_bronchus,Male,ADb,,,0,0.69999999,58.39597104491122,52.757469,64.03447
Lung_and_bronchus,Male,ADb,,,0,0.75,59.53678496517409,53.797951,65.27562
Lung_and_bronchus,Male,ADb,,,0,0.80000001,60.55725860445023,54.729446,66.385071
Lung_and_bronchus,Male,ADb,,,0,0.85000002,61.4689314143659,55.562366,67.375496
Lung_and_bronchus,Male,ADb,,,0,0.89999998,62.27925083054583,56.303425,68.255074
Lung_and_bronchus,Male,ADb,,,0,0.94999999,62.9953434168292,56.959038,69.031647
Lung_and_bronchus,Male,ADb,,,0,1.0,63.62406356864858,57.535389,69.712738
Lung_and_bronchus,Male,ADb,,,0,1.05,64.16283291475338,58.030197,70.295471
Lung_and_bronchus,Male,ADb,,,0,1.1,64.62683699863783,58.457111,70.796562
Lung_and_bronchus,Male,ADb,,,0,1.15,65.02190224912079,58.821396,71.222412
Lung_and_bronchus,Male,ADb,,,0,1.2,65.3534844985893,59.127983,71.578987
Lung_and_bronchus,Male,ADb,,,0,1.25,65.6266689234983,59.381466,71.871872
Lung_and_bronchus,Male,ADb,,,0,1.3,65.8461886514799,59.586132,72.106247
Lung_and_bronchus,Male,ADb,,,0,1.35,66.01643769873385,59.745956,72.286919
Lung_and_bronchus,Male,ADb,,,0,1.4,66.14148804965976,59.86462,72.418358
Lung_and_bronchus,Male,ADb,,,0,1.45,66.22511618319959,59.945553,72.504684
Lung_and_bronchus,Male,ADb,,,0,1.5,66.27105627193828,59.99213,72.54998
Lung_and_bronchus,Male,ADb,,,0,1.55,66.28302474286602,60.007732,72.558311
Lung_and_bronchus,Male,ADb,,,0,1.6,66.26435375976234,59.995384,72.533325
Lung_and_bronchus,Male,ADb,,,0,1.65,66.21801312176876,59.957779,72.478249
Lung_and_bronchus,Male,ADb,,,0,1.7,66.14665545669959,59.897324,72.395988
Lung_and_bronchus,Male,ADb,,,0,1.75,66.05265620696764,59.816185,72.289131
Lung_and_bronchus,Male,ADb,,,0,1.8,65.9381462262752,59.716293,72.159996
Lung_and_bronchus,Male,ADb,,,0,1.85,65.80504106842523,59.599392,72.010689
Lung_and_bronchus,Male,ADb,,,0,1.9,65.65506723588146,59.467052,71.843079
Lung_and_bronchus,Male,ADb,,,0,1.95,65.4897816035384,59.320694,71.658867
Lung_and_bronchus,Male,ADb,,,0,2.0,65.31059317102631,59.161594,71.459595
Lung_and_bronchus,Male,ADb,,,0,2.05,65.10907682362767,58.982155,71.236
Lung_and_bronchus,Male,ADb,,,0,2.0999999,64.89618743124515,58.792278,71.000099
Lung_and_bronchus,Male,ADb,,,0,2.1500001,64.6729787197005,58.592918,70.753036
Lung_and_bronchus,Male,ADb,,,0,2.2,64.44041231194547,58.384956,70.495865
Lung_and_bronchus,Male,ADb,,,0,2.25,64.19936116923054,58.169186,70.229538
Lung_and_bronchus,Male,ADb,,,0,2.3,63.95062248240311,57.946335,69.95491
Lung_and_bronchus,Male,ADb,,,0,2.3499999,63.69492430499349,57.717068,69.672783
Lung_and_bronchus,Male,ADb,,,0,2.4000001,63.43293109000069,57.481991,69.383873
Lung_and_bronchus,Male,ADb,,,0,2.45,63.16525475550179,57.241665,69.088844
Lung_and_bronchus,Male,ADb,,,0,2.5,62.89245255678657,56.996593,68.788307
Lung_and_bronchus,Male,ADb,,,0,2.55,62.61503684561512,56.74725,68.482826
Lung_and_bronchus,Male,ADb,,,0,2.5999999,62.3334781117187,56.494061,68.172897
Lung_and_bronchus,Male,ADb,,,0,2.6500001,62.04820743984101,56.237423,67.858994
Lung_and_bronchus,Male,ADb,,,0,2.7,61.7596253968818,55.977699,67.54155
Lung_and_bronchus,Male,ADb,,,0,2.75,61.46809694459171,55.715229,67.220963
Lung_and_bronchus,Male,ADb,,,0,2.8,61.17395963181593,55.450317,66.897606
Lung_and_bronchus,Male,ADb,,,0,2.8499999,60.87752473389355,55.183247,66.5718
Lung_and_bronchus,Male,ADb,,,0,2.9000001,60.57907807174684,54.914284,66.243874
Lung_and_bronchus,Male,ADb,,,0,2.95,60.27888774296434,54.643673,65.914101
Lung_and_bronchus,Male,ADb,,,0,3.0,59.97719741632591,54.371639,65.582756
Lung_and_bronchus,Male,ADb,,,0,3.05,59.66491717909003,54.089939,65.239891
Lung_and_bronchus,Male,ADb,,,0,3.0999999,59.3517027898979,53.807331,64.896072
Lung_and_bronchus,Male,ADb,,,0,3.1500001,59.03774630957696,53.523991,64.551498
Lung_and_bronchus,Male,ADb,,,0,3.2,58.72322981019602,53.240082,64.206375
Lung_and_bronchus,Male,ADb,,,0,3.25,58.40831753479688,52.955761,63.860874
Lung_and_bronchus,Male,ADb,,,0,3.3,58.09316292506014,52.671165,63.51516
Lung_and_bronchus,Male,ADb,,,0,3.3499999,57.77790807645647,52.386425,63.169392
Lung_and_bronchus,Male,ADb,,,0,3.4000001,57.46268310366258,52.101662,62.823704
Lung_and_bronchus,Male,ADb,,,0,3.45,57.14761294677373,51.81699,62.478237
Lung_and_bronchus,Male,ADb,,,0,3.5,56.83280907846711,51.532513,62.133106
Lung_and_bronchus,Male,ADb,,,0,3.55,56.51837618308377,51.248325,61.788425
Lung_and_bronchus,Male,ADb,,,0,3.5999999,56.20441126401352,50.96452,61.444302
Lung_and_bronchus,Male,ADb,,,0,3.6500001,55.89100271133975,50.681179,61.100826
Lung_and_bronchus,Male,ADb,,,0,3.7,55.57823679218609,50.398376,60.758099
Lung_and_bronchus,Male,ADb,,,0,3.75,55.2661891573091,50.116184,60.416191
Lung_and_bronchus,Male,ADb,,,0,3.8,54.9549312582476,49.834675,60.075188
Lung_and_bronchus,Male,ADb,,,0,3.8499999,54.64452925341607,49.553902,59.735157
Lung_and_bronchus,Male,ADb,,,0,3.9000001,54.33504290531414,49.273926,59.39616
Lung_and_bronchus,Male,ADb,,,0,3.95,54.026531821238,48.994797,59.058266
Lung_and_bronchus,Male,ADb,,,0,4.0,53.71904691443569,48.716564,58.721527
Lung_and_bronchus,Male,ADb,,,0,4.0500002,53.40384601148276,48.43129,58.376404
Lung_and_bronchus,Male,ADb,,,0,4.0999999,53.08990111880826,48.147118,58.032684
Lung_and_bronchus,Male,ADb,,,0,4.1500001,52.77724615512943,47.864086,57.690407
Lung_and_bronchus,Male,ADb,,,0,4.1999998,52.46592375824548,47.58223,57.349617
Lung_and_bronchus,Male,ADb,,,0,4.25,52.15596165035754,47.301579,57.010345
Lung_and_bronchus,Male,ADb,,,0,4.3000002,51.847393654288,47.022163,56.672623
Lung_and_bronchus,Male,ADb,,,0,4.3499999,51.54025091369977,46.744015,56.336487
Lung_and_bronchus,Male,ADb,,,0,4.4000001,51.23455333917036,46.467148,56.001957
Lung_and_bronchus,Male,ADb,,,0,4.4499998,50.93033023922339,46.191593,55.669067
Lung_and_bronchus,Male,ADb,,,0,4.5,50.62759714875347,45.917366,55.337826
Lung_and_bronchus,Male,ADb,,,0,4.5500002,50.32637631293687,45.644485,55.008266
Lung_and_bronchus,Male,ADb,,,0,4.5999999,50.02668804850236,45.372974,54.680405
Lung_and_bronchus,Male,ADb,,,0,4.6500001,49.72854235560249,45.102837,54.354248
Lung_and_bronchus,Male,ADb,,,0,4.6999998,49.43195900037767,44.834095,54.029823
Lung_and_bronchus,Male,ADb,,,0,4.75,49.13694487429348,44.566753,53.707138
Lung_and_bronchus,Male,ADb,,,0,4.8000002,48.84351392873714,44.300831,53.3862
Lung_and_bronchus,Male,ADb,,,0,4.8499999,48.55167871348135,44.036331,53.067024
Lung_and_bronchus,Male,ADb,,,0,4.9000001,48.26144218078343,43.773266,52.749619
Lung_and_bronchus,Male,ADb,,,0,4.9499998,47.97281720950605,43.511642,52.43399
Lung_and_bronchus,Male,ADb,,,0,5.0,47.68580453709478,43.251465,52.120144
Lung_and_bronchus,Male,ADb,,,1,0.0,0.0,0.0,0.0
Lung_and_bronchus,Male,ADb,,,1,0.050000001,6.816103163235951,6.0750966,7.5571098
Lung_and_bronchus,Male,ADb,,,1,0.1,13.64893857639066,12.183588,15.114289
Lung_and_bronchus,Male,ADb,,,1,0.15000001,19.35011311460886,17.288195,21.412031
Lung_and_bronchus,Male,ADb,,,1,0.2,24.05519994786243,21.505686,26.604715
Lung_and_bronchus,Male,ADb,,,1,0.25,27.95333483260265,25.003117,30.903553
Lung_and_bronchus,Male,ADb,,,1,0.30000001,31.20379212606065,27.921858,34.485725
Lung_and_bronchus,Male,ADb,,,1,0.34999999,33.93158614898118,30.37314,37.490032
Lung_and_bronchus,Male,ADb,,,1,0.40000001,36.2352765262716,32.444794,40.025757
Lung_and_bronchus,Male,ADb,,,1,0.44999999,38.20353040064788,34.216003,42.191059
Lung_and_bronchus,Male,ADb,,,1,0.5,39.90746996935582,35.750351,44.064587
Lung_and_bronchus,Male,ADb,,,1,0.55000001,41.3987624899637,37.094063,45.703461
Lung_and_bronchus,Male,ADb,,,1,0.60000002,42.71568341342174,38.281399,47.149967
Lung_and_bronchus,Male,ADb,,,1,0.64999998,43.8871379412958,39.338238,48.436035
Lung_and_bronchus,Male,ADb,,,1,0.69999999,44.93534519970615,40.284489,49.586201
Lung_and_bronchus,Male,ADb,,,1,0.75,45.87765056150977,41.135693,50.61961
Lung_and_bronchus,Male,ADb,,,1,0.80000001,46.72768162385569,41.90406,51.551304
Lung_and_bronchus,Male,ADb,,,1,0.85000002,47.49410878866206,42.597355,52.390862
Lung_and_bronchus,Male,ADb,,,1,0.89999998,48.18242330777889,43.220486,53.14436
Lung_and_bronchus,Male,ADb,,,1,0.94999999,48.79789915410606,43.77816,53.817638
Lung_and_bronchus,Male,ADb,,,1,1.0,49.34563024063004,44.274937,54.416325
Lung_and_bronchus,Male,ADb,,,1,1.05,49.82565558804527,44.710854,54.940456
Lung_and_bronchus,Male,ADb,,,1,1.1,50.24735084775352,45.094292,55.40041
Lung_and_bronchus,Male,ADb,,,1,1.15,50.61508423101259,45.429161,55.801006
Lung_and_bronchus,Male,ADb,,,1,1.2,50.93295920120659,45.719139,56.146778
Lung_and_bronchus,Male,ADb,,,1,1.25,51.2048108457484,45.967659,56.441963
Lung_and_bronchus,Male,ADb,,,1,1.3,51.43421909928588,46.177933,56.690506
Lung_and_bronchus,Male,ADb,,,1,1.35,51.62451630652299,46.352943,56.896088
Lung_and_bronchus,Male,ADb,,,1,1.4,51.77879822667433,46.495476,57.062122
Lung_and_bronchus,Male,ADb,,,1,1.45,51.89994415003457,46.608105,57.191784
Lung_and_bronchus,Male,ADb,,,1,1.5,51.99082134511559,46.693409,57.288231
Lung_and_bronchus,Male,ADb,,,1,1.55,52.05430693146263,46.753979,57.354633
Lung_and_bronchus,Male,ADb,,,1,1.6,52.09298621831749,46.792137,57.393833
Lung_and_bronchus,Male,ADb,,,1,1.65,52.109167009663,46.809963,57.408371
Lung_and_bronchus,Male,ADb,,,1,1.7,52.10491470751572,46.809311,57.400517
Lung_and_bronchus,Male,ADb,,,1,1.75,52.0820816625901,46.791855,57.372311
Lung_and_bronchus,Male,ADb,,,1,1.8,52.04233277591356,46.759087,57.325577
Lung_and_bronchus,Male,ADb,,,1,1.85,51.98716740309169,46.712364,57.261971
Lung_and_bronchus,Male,ADb,,,1,1.9,51.91793902685549,46.652905,57.182972
Lung_and_bronchus,Male,ADb,,,1,1.95,51.83587083279531,46.58181,57.089931
Lung_and_bronchus,Male,ADb,,,1,2.0,51.742071450504,46.50008,56.984062
Lung_and_bronchus,Male,ADb,,,1,2.05,51.63232797645719,46.40395,56.860706
Lung_and_bronchus,Male,ADb,,,1,2.0999999,51.51280261891748,46.298939,56.726665
Lung_and_bronchus,Male,ADb,,,1,2.1500001,51.38432931827265,46.185806,56.582851
Lung_and_bronchus,Male,ADb,,,1,2.2,51.24767009754669,46.065235,56.430107
Lung_and_bronchus,Male,ADb,,,1,2.25,51.10351891155847,45.937851,56.269188
Lung_and_bronchus,Male,ADb,,,1,2.3,50.95251071062398,45.80423,56.100792
Lung_and_bronchus,Male,ADb,,,1,2.3499999,50.79522673657152,45.664898,55.925556
Lung_and_bronchus,Male,ADb,,,1,2.4000001,50.6321989553162,45.520329,55.744068
Lung_and_bronchus,Male,ADb,,,1,2.45,50.4639178361997,45.370975,55.556862
Lung_and_bronchus,Male,ADb,,,1,2.5,50.29083181840019,45.217239,55.364426
Lung_and_bronchus,Male,ADb,,,1,2.55,50.11335408449668,45.05949,55.167217
Lung_and_bronchus,Male,ADb,,,1,2.5999999,49.93186509345151,44.898075,54.965652
Lung_and_bronchus,Male,ADb,,,1,2.6500001,49.74671464184712,44.733315,54.760113
Lung_and_bronchus,Male,ADb,,,1,2.7,49.55822806106653,44.565498,54.550957
Lung_and_bronchus,Male,ADb,,,1,2.75,49.36670329697813,44.394897,54.338512
Lung_and_bronchus,Male,ADb,,,1,2.8,49.17241656679653,44.22176,54.123074
Lung_and_bronchus,Male,ADb,,,1,2.8499999,48.97562341430898,44.046318,53.904926
Lung_and_bronchus,Male,ADb,,,1,2.9000001,48.77655949738232,43.86879,53.68433
Lung_and_bronchus,Male,ADb,,,1,2.95,48.57544597023093,43.689369,53.461525
Lung_and_bronchus,Male,ADb,,,1,3.0,48.372485211916,43.508244,53.236729
Lung_and_bronchus,Male,ADb,,,1,3.05,48.16252584405083,43.320786,53.004265
Lung_and_bronchus,Male,ADb,,,1,3.0999999,47.95113679990618,43.132004,52.770271
Lung_and_bronchus,Male,ADb,,,1,3.1500001,47.73848020179094,42.942036,52.534924
Lung_and_bronchus,Male,ADb,,,1,3.2,47.52470971921207,42.75103,52.298389
Lung_and_bronchus,Male,ADb,,,1,3.25,47.30996537348233,42.559109,52.060822
Lung_and_bronchus,Male,ADb,,,1,3.3,47.09437840032865,42.36639,51.822365
Lung_and_bronchus,Male,ADb,,,1,3.3499999,46.8780709800501,42.172989,51.583153
Lung_and_bronchus,Male,ADb,,,1,3.4000001,46.66115587965737,41.979004,51.343307
Lung_and_bronchus,Male,ADb,,,1,3.45,46.44374121347187,41.784538,51.102947
Lung_and_bronchus,Male,ADb,,,1,3.5,46.22592480478829,41.589676,50.862175
Lung_and_bronchus,Male,ADb,,,1,3.55,46.00779884224448,41.394501,50.621098
Lung_and_bronchus,Male,ADb,,,1,3.5999999,45.78944932550962,41.199097,50.379803
Lung_and_bronchus,Male,ADb,,,1,3.6500001,45.57095546312144,41.003529,50.138382
Lung_and_bronchus,Male,ADb,,,1,3.7,45.35239424531983,40.807873,49.896915
Lung_and_bronchus,Male,ADb,,,1,3.75,45.13383456500333,40.61219,49.655479
Lung_and_bronchus,Male,ADb,,,1,3.8,44.91534172832735,40.416538,49.414146
Lung_and_bronchus,Male,ADb,,,1,3.8499999,44.69697672991333,40.220974,49.172981
Lung_and_bronchus,Male,ADb,,,1,3.9000001,44.47879550547782,40.025547,48.932045
Lung_and_bronchus,Male,ADb,,,1,3.95,44.26085336268966,39.830311,48.691395
Lung_and_bronchus,Male,ADb,,,1,4.0,44.04319898851327,39.635307,48.451092
Lung_and_bronchus,Male,ADb,,,1,4.0500002,43.82071201020858,39.435936,48.20549
Lung_and_bronchus,Male,ADb,,,1,4.0999999,43.59866416957266,39.236931,47.960396
Lung_and_bronchus,Male,ADb,,,1,4.1500001,43.37709150908631,39.038334,47.715851
Lung_and_bronchus,Male,ADb,,,1,4.1999998,43.1560358445895,38.840176,47.471897
Lung_and_bronchus,Male,ADb,,,1,4.25,42.93552803489411,38.642487,47.228569
Lung_and_bronchus,Male,ADb,,,1,4.3000002,42.71560291129822,38.445301,46.985905
Lung_and_bronchus,Male,ADb,,,1,4.3499999,42.49629307709029,38.24865,46.743938
Lung_and_bronchus,Male,ADb,,,1,4.4000001,42.27762279656281,38.052551,46.502693
Lung_and_bronchus,Male,ADb,,,1,4.4499998,42.05962274923195,37.857033,46.262211
Lung_and_bronchus,Male,ADb,,,1,4.5,41.84231346799743,37.662121,46.022507
Lung_and_bronchus,Male,ADb,,,1,4.5500002,41.62572002007437,37.467831,45.783611
Lung_and_bronchus,Male,ADb,,,1,4.5999999,41.40986584363236,37.274185,45.545547
Lung_and_bronchus,Male,ADb,,,1,4.6500001,41.19476670024778,37.081203,45.308331
Lung_and_bronchus,Male,ADb,,,1,4.6999998,40.98044515768129,36.888901,45.071991
Lung_and_bronchus,Male,ADb,,,1,4.75,40.76691426497337,36.697292,44.836536
Lung_and_bronchus,Male,ADb,,,1,4.8000002,40.55419195786953,36.506393,44.60199
Lung_and_bronchus,Male,ADb,,,1,4.8499999,40.34229496659032,36.316223,44.36837
Lung_and_bronchus,Male,ADb,,,1,4.9000001,40.13123285756706,36.126785,44.135681
Lung_and_bronchus,Male,ADb,,,1,4.9499998,39.92102222426865,35.938095,43.90395
Lung_and_bronchus,Male,ADb,,,1,5.0,39.71167064601241,35.750164,43.673176
Lung_and_bronchus,Male,ADb,,,2,0.0,0.0,0.0,0.0
Lung_and_bronchus,Male,ADb,,,2,0.050000001,2.363983073347335,1.8723656,2.8556006
Lung_and_bronchus,Male,ADb,,,2,0.1,4.607921810483987,3.647141,5.5687027
Lung_and_bronchus,Male,ADb,,,2,0.15000001,6.408491994184004,5.07655,7.7404342
Lung_and_bronchus,Male,ADb,,,2,0.2,7.845429461241451,6.2227712,9.4680882
Lung_and_bronchus,Male,ADb,,,2,0.25,8.999438322864506,7.1481104,10.850766
Lung_and_bronchus,Male,ADb,,,2,0.30000001,9.933040739975011,7.9007969,11.965284
Lung_and_bronchus,Male,ADb,,,2,0.34999999,10.693063962053,8.517004,12.869123
Lung_and_bronchus,Male,ADb,,,2,0.40000001,11.31512234432608,9.0243254,13.60592
Lung_and_bronchus,Male,ADb,,,2,0.44999999,11.82968866080955,9.4465561,14.212821
Lung_and_bronchus,Male,ADb,,,2,0.5,12.26048671824168,9.8023138,14.718659
Lung_and_bronchus,Male,ADb,,,2,0.55000001,12.62452103678442,10.104962,15.144079
Lung_and_bronchus,Male,ADb,,,2,0.60000002,12.93425214666286,10.364311,15.504193
Lung_and_bronchus,Male,ADb,,,2,0.64999998,13.19900633330758,10.587708,15.810304
Lung_and_bronchus,Male,ADb,,,2,0.69999999,13.42590006808678,10.780772,16.071028
Lung_and_bronchus,Male,ADb,,,2,0.75,13.62045680812935,10.947864,16.293051
Lung_and_bronchus,Male,ADb,,,2,0.80000001,13.78700253077,11.092403,16.481602
Lung_and_bronchus,Male,ADb,,,2,0.85000002,13.92841004471325,11.216639,16.640182
Lung_and_bronchus,Male,ADb,,,2,0.89999998,14.04664326837576,11.322083,16.771204
Lung_and_bronchus,Male,ADb,,,2,0.94999999,14.14356121337676,11.410178,16.876944
Lung_and_bronchus,Male,ADb,,,2,1.0,14.22092945302313,11.482303,16.959557
Lung_and_bronchus,Male,ADb,,,2,1.05,14.27602938666098,11.536437,17.015621
Lung_and_bronchus,Male,ADb,,,2,1.1,14.3147791666126,11.577106,17.052452
Lung_and_bronchus,Male,ADb,,,2,1.15,14.33863939567937,11.605468,17.071812
Lung_and_bronchus,Male,ADb,,,2,1.2,14.34896401124917,11.622597,17.075331
Lung_and_bronchus,Male,ADb,,,2,1.25,14.34700403586265,11.629493,17.064516
Lung_and_bronchus,Male,ADb,,,2,1.3,14.33391300564773,11.627079,17.040747
Lung_and_bronchus,Male,ADb,,,2,1.35,14.31075245870477,11.61621,17.005295
Lung_and_bronchus,Male,ADb,,,2,1.4,14.27849810870993,11.597672,16.959324
Lung_and_bronchus,Male,ADb,,,2,1.45,14.23804625391216,11.572192,16.9039
Lung_and_bronchus,Male,ADb,,,2,1.5,14.19026189038561,11.540472,16.840052
Lung_and_bronchus,Male,ADb,,,2,1.55,14.13598123435816,11.5032,16.768763
Lung_and_bronchus,Male,ADb,,,2,1.6,14.07594808071667,11.460984,16.690912
Lung_and_bronchus,Male,ADb,,,2,1.65,14.01082151279792,11.414371,16.607273
Lung_and_bronchus,Male,ADb,,,2,1.7,13.94118594891449,11.363839,16.518532
Lung_and_bronchus,Male,ADb,,,2,1.75,13.86756182586032,11.309823,16.425301
Lung_and_bronchus,Male,ADb,,,2,1.8,13.7904125482641,11.252706,16.328119
Lung_and_bronchus,Male,ADb,,,2,1.85,13.71015188788306,11.192832,16.227472
Lung_and_bronchus,Male,ADb,,,2,1.9,13.62715057069244,11.13051,16.123791
Lung_and_bronchus,Male,ADb,,,2,1.95,13.54174008141786,11.066019,16.017462
Lung_and_bronchus,Male,ADb,,,2,2.0,13.45421871240228,10.999608,15.90883
Lung_and_bronchus,Male,ADb,,,2,2.05,13.36026397102353,10.927914,15.792614
Lung_and_bronchus,Male,ADb,,,2,2.0999999,13.26477716022998,10.854776,15.674778
Lung_and_bronchus,Male,ADb,,,2,2.1500001,13.16797626546236,10.78038,15.555572
Lung_and_bronchus,Male,ADb,,,2,2.2,13.07005919448369,10.704894,15.435225
Lung_and_bronchus,Male,ADb,,,2,2.25,12.9712033063397,10.628468,15.313939
Lung_and_bronchus,Male,ADb,,,2,2.3,12.87156927476502,10.551238,15.1919
Lung_and_bronchus,Male,ADb,,,2,2.3499999,12.77130241156362,10.47333,15.069274
Lung_and_bronchus,Male,ADb,,,2,2.4000001,12.67053375879141,10.394858,14.94621
Lung_and_bronchus,Male,ADb,,,2,2.45,12.56938340579916,10.315924,14.822844
Lung_and_bronchus,Male,ADb,,,2,2.5,12.46795884016944,10.23662,14.699298
Lung_and_bronchus,Male,ADb,,,2,2.55,12.36635796499149,10.157033,14.575684
Lung_and_bronchus,Male,ADb,,,2,2.5999999,12.26466959578471,10.077239,14.452101
Lung_and_bronchus,Male,ADb,,,2,2.6500001,12.16297384618792,9.9973087,14.328639
Lung_and_bronchus,Male,ADb,,,2,2.7,12.06134484521067,9.9173069,14.205382
Lung_and_bronchus,Male,ADb,,,2,2.75,11.95984852276661,9.8372927,14.082404
Lung_and_bronchus,Male,ADb,,,2,2.8,11.85854517304983,9.7573185,13.959772
Lung_and_bronchus,Male,ADb,,,2,2.8499999,11.75748952895998,9.677433,13.837545
Lung_and_bronchus,Male,ADb,,,2,2.9000001,11.65673078522218,9.597682,13.71578
Lung_and_bronchus,Male,ADb,,,2,2.95,11.55631497137813,9.5181046,13.594525
Lung_and_bronchus,Male,ADb,,,2,3.0,11.45628247669151,9.4387388,13.473826
Lung_and_bronchus,Male,ADb,,,2,3.05,11.35260656184505,9.3564043,13.348809
Lung_and_bronchus,Male,ADb,,,2,3.0999999,11.249462827716,9.2744036,13.224523
Lung_and_bronchus,Male,ADb,,,2,3.1500001,11.146880370725,9.1927633,13.100998
Lung_and_bronchus,Male,ADb,,,2,3.2,11.04488679619635,9.1115093,12.978264
Lung_and_bronchus,Male,ADb,,,2,3.25,10.94350553561935,9.0306644,12.856347
Lung_and_bronchus,Male,ADb,,,2,3.3,10.84275803519643,8.9502478,12.735268
Lung_and_bronchus,Male,ADb,,,2,3.3499999,10.74266347358486,8.8702803,12.615047
Lung_and_bronchus,Male,ADb,,,2,3.4000001,10.64323847891683,8.7907763,12.4957
Lung_and_bronchus,Male,ADb,,,2,3.45,10.54449919458136,8.7117529,12.377245
Lung_and_bronchus,Male,ADb,,,2,3.5,10.44645859192502,8.6332235,12.259693
Lung_and_bronchus,Male,ADb,,,2,3.55,10.34912851352846,8.5551996,12.143057
Lung_and_bronchus,Male,ADb,,,2,3.5999999,10.25251932869941,8.4776926,12.027347
Lung_and_bronchus,Male,ADb,,,2,3.6500001,10.15663959798849,8.4007111,11.912568
Lung_and_bronchus,Male,ADb,,,2,3.7,10.06149800823636,8.3242655,11.79873
Lung_and_bronchus,Male,ADb,,,2,3.75,9.967100729921867,8.2483635,11.685839
Lung_and_bronchus,Male,ADb,,,2,3.8,9.873453341597838,8.1730099,11.573897
Lung_and_bronchus,Male,ADb,,,2,3.8499999,9.780560455489876,8.0982113,11.46291
Lung_and_bronchus,Male,ADb,,,2,3.9000001,9.688425357584263,8.0239735,11.352878
Lung_and_bronchus,Male,ADb,,,2,3.95,9.597051832640204,7.9503002,11.243803
Lung_and_bronchus,Male,ADb,,,2,4.0,9.50644159371882,7.8771954,11.135688
Lung_and_bronchus,Male,ADb,,,2,4.0500002,9.412896443070396,7.8016949,11.024097
Lung_and_bronchus,Male,ADb,,,2,4.0999999,9.320194200039737,7.7268276,10.913561
Lung_and_bronchus,Male,ADb,,,2,4.1500001,9.228332215772298,7.6525922,10.804072
Lung_and_bronchus,Male,ADb,,,2,4.1999998,9.137310829480043,7.5789914,10.69563
Lung_and_bronchus,Male,ADb,,,2,4.25,9.047126404251912,7.5060239,10.588229
Lung_and_bronchus,Male,ADb,,,2,4.3000002,8.957777464340325,7.4336896,10.481865
Lung_and_bronchus,Male,ADb,,,2,4.3499999,8.869262092891404,7.3619895,10.376534
Lung_and_bronchus,Male,ADb,,,2,4.4000001,8.781575470168264,7.2909203,10.272231
Lung_and_bronchus,Male,ADb,,,2,4.4499998,8.694715795026013,7.2204823,10.168949
Lung_and_bronchus,Male,ADb,,,2,4.5,8.608677624540064,7.1506724,10.066683
Lung_and_bronchus,Male,ADb,,,2,4.5500002,8.523457719714202,7.08149,9.9654255
Lung_and_bronchus,Male,ADb,,,2,4.5999999,8.43905255066909,7.0129328,9.8651724
Lung_and_bronchus,Male,ADb,,,2,4.6500001,8.355455940373872,6.9449978,9.765914
Lung_and_bronchus,Male,ADb,,,2,4.6999998,8.272664701781537,6.8776832,9.6676464
Lung_and_bronchus,Male,ADb,,,2,4.75,8.190672279832029,6.8109846,9.5703602
Lung_and_bronchus,Male,ADb,,,2,4.8000002,8.109474316203205,6.7449002,9.4740486
Lung_and_bronchus,Male,ADb,,,2,4.8499999,8.029066263765685,6.6794271,9.378705
Lung_and_bronchus,Male,ADb,,,2,4.9000001,7.949441136129508,6.6145611,9.2843208
Lung_and_bronchus,Male,ADb,,,2,4.9499998,7.870594871614799,6.5502996,9.1908903
Lung_and_bronchus,Male,ADb,,,2,5.0,7.792520271810986,6.4866381,9.098403
Lung_and_bronchus,Male,pm,,,0,0.0,0.0,0.0,0.0
Lung_and_bronchus,Male,pm,,,0,0.050000001,46.64792251586914,44.094334,49.201511
Lung_and_bronchus,Male,pm,,,0,0.1,43.48918151855469,40.998329,45.980034
Lung_and_bronchus,Male,pm,,,0,0.15000001,43.17041397094727,40.704346,45.636482
Lung_and_bronchus,Male,pm,,,0,0.2,43.57059478759766,41.114655,46.026535
Lung_and_bronchus,Male,pm,,,0,0.25,44.236328125,41.784706,46.68795
Lung_and_bronchus,Male,pm,,,0,0.30000001,45.01219940185547,42.562645,47.461754
Lung_and_bronchus,Male,pm,,,0,0.34999999,45.83190536499023,43.38377,48.280041
Lung_and_bronchus,Male,pm,,,0,0.40000001,46.66355133056641,44.216953,49.110149
Lung_and_bronchus,Male,pm,,,0,0.44999999,47.49143218994141,45.046875,49.935989
Lung_and_bronchus,Male,pm,,,0,0.5,48.30775833129883,45.865944,50.749573
Lung_and_bronchus,Male,pm,,,0,0.55000001,49.10848617553711,46.6702,51.546772
Lung_and_bronchus,Male,pm,,,0,0.60000002,49.89155960083008,47.457607,52.325512
Lung_and_bronchus,Male,pm,,,0,0.64999998,50.65597915649414,48.227165,53.084793
Lung_and_bronchus,Male,pm,,,0,0.69999999,51.40132522583008,48.97842,53.82423
Lung_and_bronchus,Male,pm,,,0,0.75,52.12748336791992,49.711224,54.543743
Lung_and_bronchus,Male,pm,,,0,0.80000001,52.83447647094727,50.425545,55.243408
Lung_and_bronchus,Male,pm,,,0,0.85000002,53.52222061157227,51.12125,55.923191
Lung_and_bronchus,Male,pm,,,0,0.89999998,54.19058990478516,51.798145,56.583035
Lung_and_bronchus,Male,pm,,,0,0.94999999,54.83963394165039,52.456219,57.223049
Lung_and_bronchus,Male,pm,,,0,1.0,55.46952819824219,53.095577,57.843479
Lung_and_bronchus,Male,pm,,,0,1.05,56.08078384399414,53.716709,58.444859
Lung_and_bronchus,Male,pm,,,0,1.1,56.67358779907227,54.319717,59.027458
Lung_and_bronchus,Male,pm,,,0,1.15,57.24832534790039,54.904934,59.591717
Lung_and_bronchus,Male,pm,,,0,1.2,57.80542755126953,55.472748,60.138107
Lung_and_bronchus,Male,pm,,,0,1.25,58.3453483581543,56.023571,60.667126
Lung_and_bronchus,Male,pm,,,0,1.3,58.86857604980469,56.557846,61.179306
Lung_and_bronchus,Male,pm,,,0,1.35,59.37560653686523,57.076046,61.675167
Lung_and_bronchus,Male,pm,,,0,1.4,59.86693954467773,57.578625,62.155254
Lung_and_bronchus,Male,pm,,,0,1.45,60.34309387207031,58.066082,62.620106
Lung_and_bronchus,Male,pm,,,0,1.5,60.80460739135742,58.538929,63.070286
Lung_and_bronchus,Male,pm,,,0,1.55,61.25203704833984,58.9977,63.506374
Lung_and_bronchus,Male,pm,,,0,1.6,61.68591690063477,59.442913,63.928921
Lung_and_bronchus,Male,pm,,,0,1.65,62.10675048828125,59.875057,64.338448
Lung_and_bronchus,Male,pm,,,0,1.7,62.5150260925293,60.294601,64.735451
Lung_and_bronchus,Male,pm,,,0,1.75,62.91120147705078,60.701992,65.120415
Lung_and_bronchus,Male,pm,,,0,1.8,63.29571914672852,61.09766,65.493782
Lung_and_bronchus,Male,pm,,,0,1.85,63.66899490356445,61.482006,65.85598
Lung_and_bronchus,Male,pm,,,0,1.9,64.03142547607422,61.855427,66.207428
Lung_and_bronchus,Male,pm,,,0,1.95,64.38339233398438,62.218285,66.5485
Lung_and_bronchus,Male,pm,,,0,2.0,64.72525787353516,62.570942,66.879578
Lung_and_bronchus,Male,pm,,,0,2.05,65.0584487915039,62.914852,67.202049
Lung_and_bronchus,Male,pm,,,0,2.0999999,65.38228607177734,63.249294,67.515282
Lung_and_bronchus,Male,pm,,,0,2.1500001,65.69708251953125,63.574577,67.819588
Lung_and_bronchus,Male,pm,,,0,2.2,66.00314331054688,63.891003,68.115288
Lung_and_bronchus,Male,pm,,,0,2.25,66.30074310302734,64.198837,68.402649
Lung_and_bronchus,Male,pm,,,0,2.3,66.59015655517578,64.498352,68.681961
Lung_and_bronchus,Male,pm,,,0,2.3499999,66.87165069580078,64.789818,68.953484
Lung_and_bronchus,Male,pm,,,0,2.4000001,67.14547729492188,65.073471,69.217484
Lung_and_bronchus,Male,pm,,,0,2.45,67.411865234375,65.349556,69.474174
Lung_and_bronchus,Male,pm,,,0,2.5,67.67105102539062,65.618286,69.723816
Lung_and_bronchus,Male,pm,,,0,2.55,67.92325592041016,65.879898,69.966614
Lung_and_bronchus,Male,pm,,,0,2.5999999,68.1686782836914,66.134583,70.202774
Lung_and_bronchus,Male,pm,,,0,2.6500001,68.40753936767578,66.382553,70.432526
Lung_and_bronchus,Male,pm,,,0,2.7,68.64002227783203,66.624001,70.656044
Lung_and_bronchus,Male,pm,,,0,2.75,68.8663101196289,66.859108,70.873512
Lung_and_bronchus,Male,pm,,,0,2.8,69.08658599853516,67.088058,71.085114
Lung_and_bronchus,Male,pm,,,0,2.8499999,69.30101776123047,67.311012,71.291023
Lung_and_bronchus,Male,pm,,,0,2.9000001,69.50978088378906,67.528145,71.491417
Lung_and_bronchus,Male,pm,,,0,2.95,69.71302032470703,67.739616,71.686424
Lung_and_bronchus,Male,pm,,,0,3.0,69.91090393066406,67.945572,71.876236
Lung_and_bronchus,Male,pm,,,0,3.05,70.1054458618164,68.148117,72.062775
Lung_and_bronchus,Male,pm,,,0,3.0999999,70.29497528076172,68.345497,72.244453
Lung_and_bronchus,Male,pm,,,0,3.1500001,70.4796371459961,68.537872,72.421402
Lung_and_bronchus,Male,pm,,,0,3.2,70.6595458984375,68.725349,72.593742
Lung_and_bronchus,Male,pm,,,0,3.25,70.8348388671875,68.908066,72.761612
Lung_and_bronchus,Male,pm,,,0,3.3,71.00563049316406,69.086143,72.925117
Lung_and_bronchus,Male,pm,,,0,3.3499999,71.17204284667969,69.259697,73.084389
Lung_and_bronchus,Male,pm,,,0,3.4000001,71.33418273925781,69.428841,73.239525
Lung_and_bronchus,Male,pm,,,0,3.45,71.49217224121094,69.593697,73.390648
Lung_and_bronchus,Male,pm,,,0,3.5,71.64610290527344,69.754356,73.537849
Lung_and_bronchus,Male,pm,,,0,3.55,71.79608154296875,69.910934,73.681229
Lung_and_bronchus,Male,pm,,,0,3.5999999,71.94219970703125,70.063507,73.820892
Lung_and_bronchus,Male,pm,,,0,3.6500001,72.0845718383789,70.212212,73.956932
Lung_and_bronchus,Male,pm,,,0,3.7,72.2232666015625,70.357094,74.089439
Lung_and_bronchus,Male,pm,,,0,3.75,72.35839080810547,70.498283,74.218498
Lung_and_bronchus,Male,pm,,,0,3.8,72.4900131225586,70.635841,74.344185
Lung_and_bronchus,Male,pm,,,0,3.8499999,72.61823272705078,70.769867,74.466599
Lung_and_bronchus,Male,pm,,,0,3.9000001,72.74312591552734,70.900436,74.585815
Lung_and_bronchus,Male,pm,,,0,3.95,72.8647689819336,71.027634,74.701904
Lung_and_bronchus,Male,pm,,,0,4.0,72.98323059082031,71.151527,74.814934
Lung_and_bronchus,Male,pm,,,0,4.0500002,73.10120391845703,71.27491,74.927498
Lung_and_bronchus,Male,pm,,,0,4.0999999,73.21619415283203,71.395187,75.037201
Lung_and_bronchus,Male,pm,,,0,4.1500001,73.3282699584961,71.512444,75.144096
Lung_and_bronchus,Male,pm,,,0,4.1999998,73.43749237060547,71.626724,75.24826
Lung_and_bronchus,Male,pm,,,0,4.25,73.54393005371094,71.738106,75.349754
Lung_and_bronchus,Male,pm,,,0,4.3000002,73.64764404296875,71.846649,75.448639
Lung_and_bronchus,Male,pm,,,0,4.3499999,73.74868774414062,71.952415,75.54496
Lung_and_bronchus,Male,pm,,,0,4.4000001,73.84712219238281,72.055458,75.638786
Lung_and_bronchus,Male,pm,,,0,4.4499998,73.94300842285156,72.155846,75.730171
Lung_and_bronchus,Male,pm,,,0,4.5,74.03639221191406,72.253624,75.81916
Lung_and_bronchus,Male,pm,,,0,4.5500002,74.12733459472656,72.348854,75.905815
Lung_and_bronchus,Male,pm,,,0,4.5999999,74.21588134765625,72.441582,75.990181
Lung_and_bronchus,Male,pm,,,0,4.6500001,74.30207824707031,72.531853,76.072304
Lung_and_bronchus,Male,pm,,,0,4.6999998,74.385986328125,72.619736,76.152237
Lung_and_bronchus,Male,pm,,,0,4.75,74.46764373779297,72.705269,76.230019
Lung_and_bronchus,Male,pm,,,0,4.8000002,74.5470962524414,72.788498,76.305695
Lung_and_bronchus,Male,pm,,,0,4.8499999,74.6243896484375,72.869469,76.379311
Lung_and_bronchus,Male,pm,,,0,4.9000001,74.69956970214844,72.948227,76.450912
Lung_and_bronchus,Male,pm,,,0,4.9499998,74.77267456054688,73.024818,76.520531
Lung_and_bronchus,Male,pm,,,0,5.0,74.84374237060547,73.099281,76.588203
Lung_and_bronchus,Male,pm,,,1,0.0,0.0,0.0,0.0
Lung_and_bronchus,Male,pm,,,1,0.050000001,46.95395278930664,44.247173,49.660732
Lung_and_bronchus,Male,pm,,,1,0.1,42.45321655273438,39.823563,45.08287
Lung_and_bronchus,Male,pm,,,1,0.15000001,41.82947540283203,39.22694,44.432011
Lung_and_bronchus,Male,pm,,,1,0.2,42.13832092285156,39.542713,44.733929
Lung_and_bronchus,Male,pm,,,1,0.25,42.79167938232422,40.195267,45.388092
Lung_and_bronchus,Male,pm,,,1,0.30000001,43.5940055847168,40.993996,46.194016
Lung_and_bronchus,Male,pm,,,1,0.34999999,44.46320343017578,41.858997,47.06741
Lung_and_bronchus,Male,pm,,,1,0.40000001,45.36001586914063,42.752052,47.967979
Lung_and_bronchus,Male,pm,,,1,0.44999999,46.264892578125,43.654125,48.87566
Lung_and_bronchus,Male,pm,,,1,0.5,47.16779708862305,44.555443,49.780151
Lung_and_bronchus,Male,pm,,,1,0.55000001,48.06326675415039,45.450653,50.67588
Lung_and_bronchus,Male,pm,,,1,0.60000002,48.94828796386719,46.336788,51.559788
Lung_and_bronchus,Male,pm,,,1,0.64999998,49.82118225097656,47.212173,52.430191
Lung_and_bronchus,Male,pm,,,1,0.69999999,50.68101501464844,48.07584,53.28619
Lung_and_bronchus,Male,pm,,,1,0.75,51.52726364135742,48.927238,54.127289
Lung_and_bronchus,Male,pm,,,1,0.80000001,52.35961151123047,49.766003,54.95322
Lung_and_bronchus,Male,pm,,,1,0.85000002,53.17754364013672,50.591553,55.763535
Lung_and_bronchus,Male,pm,,,1,0.89999998,53.98044204711914,51.403206,56.557678
Lung_and_bronchus,Male,pm,,,1,0.94999999,54.7679328918457,52.200508,57.335358
Lung_and_bronchus,Male,pm,,,1,1.0,55.53983688354492,52.983212,58.096462
Lung_and_bronchus,Male,pm,,,1,1.05,56.29559326171875,53.75069,58.840496
Lung_and_bronchus,Male,pm,,,1,1.1,57.03577423095703,54.503437,59.568111
Lung_and_bronchus,Male,pm,,,1,1.15,57.76051712036133,55.241524,60.27951
Lung_and_bronchus,Male,pm,,,1,1.2,58.47003555297852,55.965111,60.97496
Lung_and_bronchus,Male,pm,,,1,1.25,59.16458129882813,56.674381,61.654781
Lung_and_bronchus,Male,pm,,,1,1.3,59.84444427490234,57.369576,62.319313
Lung_and_bronchus,Male,pm,,,1,1.35,60.50995254516602,58.050968,62.968937
Lung_and_bronchus,Male,pm,,,1,1.4,61.16144561767578,58.718849,63.604042
Lung_and_bronchus,Male,pm,,,1,1.45,61.79929351806641,59.37355,64.225037
Lung_and_bronchus,Male,pm,,,1,1.5,62.42388534545898,60.015411,64.832359
Lung_and_bronchus,Male,pm,,,1,1.55,63.0356330871582,60.644814,65.426453
Lung_and_bronchus,Male,pm,,,1,1.6,63.63494491577148,61.262135,66.007751
Lung_and_bronchus,Male,pm,,,1,1.65,64.22218322753906,61.867702,66.57666
Lung_and_bronchus,Male,pm,,,1,1.7,64.7977294921875,62.461868,67.133591
Lung_and_bronchus,Male,pm,,,1,1.75,65.3619155883789,63.044941,67.678894
Lung_and_bronchus,Male,pm,,,1,1.8,65.91506958007812,63.617218,68.212921
Lung_and_bronchus,Male,pm,,,1,1.85,66.45750427246094,64.178993,68.736015
Lung_and_bronchus,Male,pm,,,1,1.9,66.98953247070312,64.730553,69.248512
Lung_and_bronchus,Male,pm,,,1,1.95,67.51142120361328,65.272141,69.750702
Lung_and_bronchus,Male,pm,,,1,2.0,68.02344512939453,65.804008,70.242882
Lung_and_bronchus,Male,pm,,,1,2.05,68.525146484375,66.325668,70.724625
Lung_and_bronchus,Male,pm,,,1,2.0999999,69.01747131347656,66.838066,71.196877
Lung_and_bronchus,Male,pm,,,1,2.1500001,69.50065612792969,67.341408,71.659904
Lung_and_bronchus,Male,pm,,,1,2.2,69.97491455078125,67.835907,72.113922
Lung_and_bronchus,Male,pm,,,1,2.25,70.44048309326172,68.32177,72.559196
Lung_and_bronchus,Male,pm,,,1,2.3,70.89754486083984,68.799171,72.995918
Lung_and_bronchus,Male,pm,,,1,2.3499999,71.3463134765625,69.268311,73.424316
Lung_and_bronchus,Male,pm,,,1,2.4000001,71.78697204589844,69.729362,73.844582
Lung_and_bronchus,Male,pm,,,1,2.45,72.21969604492188,70.18248,74.256912
Lung_and_bronchus,Male,pm,,,1,2.5,72.64466094970703,70.627831,74.661491
Lung_and_bronchus,Male,pm,,,1,2.55,73.06204223632812,71.065582,75.058502
Lung_and_bronchus,Male,pm,,,1,2.5999999,73.47198486328125,71.495857,75.448112
Lung_and_bronchus,Male,pm,,,1,2.6500001,73.8746566772461,71.918831,75.830482
Lung_and_bronchus,Male,pm,,,1,2.7,74.27020263671875,72.334625,76.20578
Lung_and_bronchus,Male,pm,,,1,2.75,74.65876007080078,72.743362,76.574158
Lung_and_bronchus,Male,pm,,,1,2.8,75.04046630859375,73.145187,76.935745
Lung_and_bronchus,Male,pm,,,1,2.8499999,75.41545104980469,73.540207,77.290695
Lung_and_bronchus,Male,pm,,,1,2.9000001,75.78385162353516,73.928558,77.639145
Lung_and_bronchus,Male,pm,,,1,2.95,76.14578247070312,74.310341,77.981224
Lung_and_bronchus,Male,pm,,,1,3.0,76.5013656616211,74.685677,78.317055
Lung_and_bronchus,Male,pm,,,1,3.05,76.84966278076172,75.053558,78.645767
Lung_and_bronchus,Male,pm,,,1,3.0999999,77.19181823730469,75.415176,78.96846
Lung_and_bronchus,Male,pm,,,1,3.1500001,77.52794647216797,75.770645,79.285248
Lung_and_bronchus,Male,pm,,,1,3.2,77.8581314086914,76.120033,79.59623
Lung_and_bronchus,Male,pm,,,1,3.25,78.18248748779297,76.463455,79.90152
Lung_and_bronchus,Male,pm,,,1,3.3,78.50111389160156,76.800995,80.201233
Lung_and_bronchus,Male,pm,,,1,3.3499999,78.81410217285156,77.132751,80.495453
Lung_and_bronchus,Male,pm,,,1,3.4000001,79.12154388427734,77.458801,80.784286
Lung_and_bronchus,Male,pm,,,1,3.45,79.42352294921875,77.779221,81.067825
Lung_and_bronchus,Male,pm,,,1,3.5,79.72013092041016,78.094109,81.346153
Lung_and_bronchus,Male,pm,,,1,3.55,80.01145935058594,78.403542,81.619377
Lung_and_bronchus,Male,pm,,,1,3.5999999,80.29756927490234,78.707581,81.887558
Lung_and_bronchus,Male,pm,,,1,3.6500001,80.57856750488281,79.006317,82.150818
Lung_and_bronchus,Male,pm,,,1,3.7,80.85450744628906,79.29982,82.409195
Lung_and_bronchus,Male,pm,,,1,3.75,81.12547302246094,79.58815,82.662796
Lung_and_bronchus,Male,pm,,,1,3.8,81.39154052734375,79.871391,82.91169
Lung_and_bronchus,Male,pm,,,1,3.8499999,81.65277862548828,80.149605,83.155952
Lung_and_bronchus,Male,pm,,,1,3.9000001,81.90925598144531,80.422852,83.39566
Lung_and_bronchus,Male,pm,,,1,3.95,82.16104888916016,80.691216,83.630882
Lung_and_bronchus,Male,pm,,,1,4.0,82.40821075439453,80.954735,83.861687
Lung_and_bronchus,Male,pm,,,1,4.0500002,82.64946746826172,81.212051,84.086884
Lung_and_bronchus,Male,pm,,,1,4.0999999,82.88619995117188,81.464622,84.307777
Lung_and_bronchus,Male,pm,,,1,4.1500001,83.11848449707031,81.712532,84.524437
Lung_and_bronchus,Male,pm,,,1,4.1999998,83.34637451171875,81.955826,84.736923
Lung_and_bronchus,Male,pm,,,1,4.25,83.56993103027344,82.194557,84.945305
Lung_and_bronchus,Male,pm,,,1,4.3000002,83.78921508789062,82.428787,85.149643
Lung_and_bronchus,Male,pm,,,1,4.3499999,84.00428009033203,82.658569,85.349991
Lung_and_bronchus,Male,pm,,,1,4.4000001,84.21517944335938,82.883949,85.54641
Lung_and_bronchus,Male,pm,,,1,4.4499998,84.4219741821289,83.104996,85.738953
Lung_and_bronchus,Male,pm,,,1,4.5,84.62471008300781,83.321747,85.927673
Lung_and_bronchus,Male,pm,,,1,4.5500002,84.82344818115234,83.534264,86.112633
Lung_and_bronchus,Male,pm,,,1,4.5999999,85.01822662353516,83.742584,86.293869
Lung_and_bronchus,Male,pm,,,1,4.6500001,85.20911407470703,83.946762,86.471466
Lung_and_bronchus,Male,pm,,,1,4.6999998,85.3961410522461,84.146843,86.645439
Lung_and_bronchus,Male,pm,,,1,4.75,85.57936096191406,84.34288,86.815842
Lung_and_bronchus,Male,pm,,,1,4.8000002,85.75883483886719,84.53492,86.98275
Lung_and_bronchus,Male,pm,,,1,4.8499999,85.9345932006836,84.722992,87.146194
Lung_and_bronchus,Male,pm,,,1,4.9000001,86.106689453125,84.907166,87.306213
Lung_and_bronchus,Male,pm,,,1,4.9499998,86.27516174316406,85.087463,87.46286
Lung_and_bronchus,Male,pm,,,1,5.0,86.44007110595703,85.263947,87.616196
Lung_and_bronchus,Male,pm,,,2,0.0,0.0,0.0,0.0
Lung_and_bronchus,Male,pm,,,2,0.050000001,45.7446174621582,40.516853,50.972382
Lung_and_bronchus,Male,pm,,,2,0.1,47.06380081176758,41.791683,52.335918
Lung_and_bronchus,Male,pm,,,2,0.15000001,48.05849456787109,42.787312,53.329678
Lung_and_bronchus,Male,pm,,,2,0.2,48.92881011962891,43.674126,54.183495
Lung_and_bronchus,Male,pm,,,2,0.25,49.71426391601563,44.483093,54.945435
Lung_and_bronchus,Male,pm,,,2,0.30000001,50.42740249633789,45.223179,55.631626
Lung_and_bronchus,Male,pm,,,2,0.34999999,51.07426452636719,45.89859,56.249939
Lung_and_bronchus,Male,pm,,,2,0.40000001,51.65908432006836,46.512512,56.805656
Lung_and_bronchus,Male,pm,,,2,0.44999999,52.18638610839844,47.068932,57.303841
Lung_and_bronchus,Male,pm,,,2,0.5,52.66079711914063,47.572178,57.749416
Lung_and_bronchus,Male,pm,,,2,0.55000001,53.08648300170898,48.026226,58.14674
Lung_and_bronchus,Male,pm,,,2,0.60000002,53.46712493896484,48.434612,58.499638
Lung_and_bronchus,Male,pm,,,2,0.64999998,53.80594635009766,48.800472,58.81142
Lung_and_bronchus,Male,pm,,,2,0.69999999,54.10575866699219,49.126553,59.084965
Lung_and_bronchus,Male,pm,,,2,0.75,54.3690299987793,49.415276,59.322784
Lung_and_bronchus,Male,pm,,,2,0.80000001,54.59793853759766,49.668797,59.527081
Lung_and_bronchus,Male,pm,,,2,0.85000002,54.79475784301758,49.889339,59.700176
Lung_and_bronchus,Male,pm,,,2,0.89999998,54.9618034362793,50.079182,59.844425
Lung_and_bronchus,Male,pm,,,2,0.94999999,55.10115432739258,50.240368,59.961941
Lung_and_bronchus,Male,pm,,,2,1.0,55.21466827392578,50.374752,60.054585
Lung_and_bronchus,Male,pm,,,2,1.05,55.30683135986328,50.487289,60.126373
Lung_and_bronchus,Male,pm,,,2,1.1,55.37655258178711,50.576431,60.176674
Lung_and_bronchus,Male,pm,,,2,1.15,55.4252815246582,50.643654,60.206909
Lung_and_bronchus,Male,pm,,,2,1.2,55.45437622070313,50.690342,60.21841
Lung_and_bronchus,Male,pm,,,2,1.25,55.46511459350586,50.717808,60.212421
Lung_and_bronchus,Male,pm,,,2,1.3,55.45870590209961,50.727299,60.190113
Lung_and_bronchus,Male,pm,,,2,1.35,55.4362907409668,50.719997,60.152584
Lung_and_bronchus,Male,pm,,,2,1.4,55.39895629882813,50.697029,60.100883
Lung_and_bronchus,Male,pm,,,2,1.45,55.34772872924805,50.659466,60.035992
Lung_and_bronchus,Male,pm,,,2,1.5,55.28361892700195,50.608364,59.958874
Lung_and_bronchus,Male,pm,,,2,1.55,55.20761871337891,50.544765,59.870472
Lung_and_bronchus,Male,pm,,,2,1.6,55.12065124511719,50.469646,59.771656
Lung_and_bronchus,Male,pm,,,2,1.65,55.0235710144043,50.383904,59.663239
Lung_and_bronchus,Male,pm,,,2,1.7,54.91717529296875,50.28838,59.545971
Lung_and_bronchus,Male,pm,,,2,1.75,54.80220031738281,50.183853,59.420547
Lung_and_bronchus,Male,pm,,,2,1.8,54.6793327331543,50.071045,59.287621
Lung_and_bronchus,Male,pm,,,2,1.85,54.5492057800293,49.950626,59.147785
Lung_and_bronchus,Male,pm,,,2,1.9,54.41240692138672,49.823219,59.001595
Lung_and_bronchus,Male,pm,,,2,1.95,54.26949310302734,49.689411,58.849575
Lung_and_bronchus,Male,pm,,,2,2.0,54.12096786499023,49.549732,58.692204
Lung_and_bronchus,Male,pm,,,2,2.05,53.97067260742188,49.408436,58.532909
Lung_and_bronchus,Male,pm,,,2,2.0999999,53.81569290161133,49.262238,58.369148
Lung_and_bronchus,Male,pm,,,2,2.1500001,53.65643692016602,49.111565,58.201309
Lung_and_bronchus,Male,pm,,,2,2.2,53.4932861328125,48.956825,58.029747
Lung_and_bronchus,Male,pm,,,2,2.25,53.32658767700195,48.798382,57.854794
Lung_and_bronchus,Male,pm,,,2,2.3,53.15666961669922,48.636581,57.676758
Lung_and_bronchus,Male,pm,,,2,2.3499999,52.98384475708008,48.471752,57.495937
Lung_and_bronchus,Male,pm,,,2,2.4000001,52.80838775634766,48.304184,57.312592
Lung_and_bronchus,Male,pm,,,2,2.45,52.63057327270508,48.134163,57.126984
Lung_and_bronchus,Male,pm,,,2,2.5,52.45064163208008,47.961948,56.939335
Lung_and_bronchus,Male,pm,,,2,2.55,52.26882553100586,47.787777,56.749874
Lung_and_bronchus,Male,pm,,,2,2.5999999,52.0853385925293,47.611877,56.5588
Lung_and_bronchus,Male,pm,,,2,2.6500001,51.9003791809082,47.434452,56.366306
Lung_and_bronchus,Male,pm,,,2,2.7,51.71413803100586,47.255707,56.172569
Lung_and_bronchus,Male,pm,,,2,2.75,51.52678680419922,47.075817,55.977757
Lung_and_bronchus,Male,pm,,,2,2.8,51.33848190307617,46.894951,55.782013
Lung_and_bronchus,Male,pm,,,2,2.8499999,51.14938354492188,46.713268,55.585499
Lung_and_bronchus,Male,pm,,,2,2.9000001,50.95962142944336,46.530907,55.388336
Lung_and_bronchus,Male,pm,,,2,2.95,50.76933670043945,46.348015,55.190659
Lung_and_bronchus,Male,pm,,,2,3.0,50.57864379882813,46.164711,54.992577
Lung_and_bronchus,Male,pm,,,2,3.05,50.39146423339844,45.985245,54.797684
Lung_and_bronchus,Male,pm,,,2,3.0999999,50.20408248901367,45.805573,54.602592
Lung_and_bronchus,Male,pm,,,2,3.1500001,50.01659393310547,45.625786,54.407402
Lung_and_bronchus,Male,pm,,,2,3.2,49.82909774780273,45.445992,54.212204
Lung_and_bronchus,Male,pm,,,2,3.25,49.64166641235352,45.266262,54.017071
Lung_and_bronchus,Male,pm,,,2,3.3,49.45438766479492,45.086693,53.822083
Lung_and_bronchus,Male,pm,,,2,3.3499999,49.26733016967773,44.907345,53.627316
Lung_and_bronchus,Male,pm,,,2,3.4000001,49.08056259155273,44.728298,53.432827
Lung_and_bronchus,Male,pm,,,2,3.45,48.89414978027344,44.549614,53.238686
Lung_and_bronchus,Male,pm,,,2,3.5,48.70814514160156,44.371349,53.044941
Lung_and_bronchus,Male,pm,,,2,3.55,48.52260589599609,44.193558,52.851654
Lung_and_bronchus,Male,pm,,,2,3.5999999,48.33758163452148,44.016296,52.658867
Lung_and_bronchus,Male,pm,,,2,3.6500001,48.15311813354492,43.839603,52.466633
Lung_and_bronchus,Male,pm,,,2,3.7,47.96926116943359,43.663536,52.274986
Lung_and_bronchus,Male,pm,,,2,3.75,47.78604888916016,43.488121,52.083977
Lung_and_bronchus,Male,pm,,,2,3.8,47.603515625,43.313404,51.893627
Lung_and_bronchus,Male,pm,,,2,3.8499999,47.42169952392578,43.139412,51.703987
Lung_and_bronchus,Male,pm,,,2,3.9000001,47.24063110351563,42.966187,51.515076
Lung_and_bronchus,Male,pm,,,2,3.95,47.06033325195313,42.793743,51.326923
Lung_and_bronchus,Male,pm,,,2,4.0,46.88084030151367,42.622116,51.139565
Lung_and_bronchus,Male,pm,,,2,4.0500002,46.7059211730957,42.455318,50.956524
Lung_and_bronchus,Male,pm,,,2,4.0999999,46.53182983398438,42.289352,50.774307
Lung_and_bronchus,Male,pm,,,2,4.1500001,46.35857772827148,42.124226,50.59293
Lung_and_bronchus,Male,pm,,,2,4.1999998,46.18619155883789,41.959972,50.412411
Lung_and_bronchus,Male,pm,,,2,4.25,46.01468276977539,41.796597,50.232769
Lung_and_bronchus,Male,pm,,,2,4.3000002,45.84406661987305,41.634117,50.054016
Lung_and_bronchus,Male,pm,,,2,4.3499999,45.67435836791992,41.472549,49.876167
Lung_and_bronchus,Male,pm,,,2,4.4000001,45.50556564331055,41.311893,49.699238
Lung_and_bronchus,Male,pm,,,2,4.4499998,45.33770751953125,41.15218,49.523235
Lung_and_bronchus,Male,pm,,,2,4.5,45.1707878112793,40.993401,49.348175
Lung_and_bronchus,Male,pm,,,2,4.5500002,45.00481033325195,40.835564,49.174057
Lung_and_bronchus,Male,pm,,,2,4.5999999,44.83979415893555,40.678688,49.0009
Lung_and_bronchus,Male,pm,,,2,4.6500001,44.67573547363281,40.52277,48.828701
Lung_and_bronchus,Male,pm,,,2,4.6999998,44.51264572143555,40.367817,48.657475
Lung_and_bronchus,Male,pm,,,2,4.75,44.35052871704102,40.213837,48.487221
Lung_and_bronchus,Male,pm,,,2,4.8000002,44.18938446044922,40.060825,48.317944
Lung_and_bronchus,Male,pm,,,2,4.8499999,44.02921676635742,39.908787,48.149647
Lung_and_bronchus,Male,pm,,,2,4.9000001,43.87003326416016,39.757729,47.982338
Lung_and_bronchus,Male,pm,,,2,4.9499998,43.71183013916016,39.607647,47.816013
Lung_and_bronchus,Male,pm,,,2,5.0,43.55460739135742,39.458538,47.650677
Lung_and_bronchus,Male,tce,,,0,0.0,0.0,0.0,0.0
Lung_and_bronchus,Male,tce,,,0,0.050000001,0.0046743037750413,0.0044492288,0.0048993789
Lung_and_bronchus,Male,tce,,,0,0.1,0.0099736956213815,0.0095340023,0.01041339
Lung_and_bronchus,Male,tce,,,0,0.15000001,0.014178292550726,0.013564389,0.014792196
Lung_and_bronchus,Male,tce,,,0,0.2,0.0174002008763301,0.016645523,0.01815488
Lung_and_bronchus,Male,tce,,,0,0.25,0.0198548830026915,0.018985648,0.020724118
Lung_and_bronchus,Male,tce,,,0,0.30000001,0.0217242146109355,0.020760996,0.022687433
Lung_and_bronchus,Male,tce,,,0,0.34999999,0.0231467207949136,0.022105826,0.024187615
Lung_and_bronchus,Male,tce,,,0,0.40000001,0.0242266983874347,0.023121167,0.025332229
Lung_and_bronchus,Male,tce,,,0,0.44999999,0.0250491718197728,0.023889201,0.026209142
Lung_and_bronchus,Male,tce,,,0,0.5,0.0256783573160014,0.024471911,0.026884804
Lung_and_bronchus,Male,tce,,,0,0.55000001,0.0261597153891011,0.024913151,0.027406279
Lung_and_bronchus,Male,tce,,,0,0.60000002,0.0265260774106612,0.025244575,0.02780758
Lung_and_bronchus,Male,tce,,,0,0.64999998,0.0268016249181886,0.025489477,0.028113773
Lung_and_bronchus,Male,tce,,,0,0.69999999,0.0270044951926107,0.02566532,0.02834367
Lung_and_bronchus,Male,tce,,,0,0.75,0.0271485177256364,0.025785413,0.028511623
Lung_and_bronchus,Male,tce,,,0,0.80000001,0.0272443399092182,0.025859987,0.028628692
Lung_and_bronchus,Male,tce,,,0,0.85000002,0.0272991447637657,0.025895964,0.028702324
Lung_and_bronchus,Male,tce,,,0,0.89999998,0.0273178803242526,0.025898118,0.028737644
Lung_and_bronchus,Male,tce,,,0,0.94999999,0.0273049501932803,0.025870685,0.028739216
Lung_and_bronchus,Male,tce,,,0,1.0,0.0272643039671417,0.025817458,0.028711149
Lung_and_bronchus,Male,tce,,,0,1.05,0.0271954930717069,0.02573806,0.028652927
Lung_and_bronchus,Male,tce,,,0,1.1,0.0271056412145021,0.025639253,0.02857203
Lung_and_bronchus,Male,tce,,,0,1.15,0.0269975518648837,0.025523704,0.028471401
Lung_and_bronchus,Male,tce,,,0,1.2,0.0268737103136991,0.025393777,0.028353645
Lung_and_bronchus,Male,tce,,,0,1.25,0.0267363182191729,0.025251558,0.028221078
Lung_and_bronchus,Male,tce,,,0,1.3,0.0265873217011885,0.025098886,0.028075758
Lung_and_bronchus,Male,tce,,,0,1.35,0.0264284395873563,0.02493738,0.027919499
Lung_and_bronchus,Male,tce,,,0,1.4,0.0262611895982516,0.02476847,0.02775391
Lung_and_bronchus,Male,tce,,,0,1.45,0.0260869100069623,0.024593405,0.027580414
Lung_and_bronchus,Male,tce,,,0,1.5,0.0259068666401761,0.024413373,0.02740036
Lung_and_bronchus,Male,tce,,,0,1.55,0.0257222688126993,0.024229499,0.027215037
Lung_and_bronchus,Male,tce,,,0,1.6,0.0255341520618427,0.024042746,0.027025558
Lung_and_bronchus,Male,tce,,,0,1.65,0.0253433971767922,0.023853932,0.026832864
Lung_and_bronchus,Male,tce,,,0,1.7,0.0251507511691203,0.023663741,0.026637761
Lung_and_bronchus,Male,tce,,,0,1.75,0.0249568510083601,0.023472764,0.026440937
Lung_and_bronchus,Male,tce,,,0,1.8,0.0247622372300307,0.023281494,0.026242981
Lung_and_bronchus,Male,tce,,,0,1.85,0.0245673694063145,0.023090348,0.026044391
Lung_and_bronchus,Male,tce,,,0,1.9,0.0243726394110436,0.02289968,0.025845598
Lung_and_bronchus,Male,tce,,,0,1.95,0.024178378178113,0.022709791,0.025646966
Lung_and_bronchus,Male,tce,,,0,2.0,0.0239848678811563,0.02252093,0.025448805
Lung_and_bronchus,Male,tce,,,0,2.05,0.0237884050149246,0.022329593,0.025247218
Lung_and_bronchus,Male,tce,,,0,2.0999999,0.0235931848109691,0.022139721,0.025046648
Lung_and_bronchus,Male,tce,,,0,2.1500001,0.0233993747655432,0.021951459,0.02484729
Lung_and_bronchus,Male,tce,,,0,2.2,0.0232071173586471,0.021764934,0.024649302
Lung_and_bronchus,Male,tce,,,0,2.25,0.0230165283392352,0.021580238,0.02445282
Lung_and_bronchus,Male,tce,,,0,2.3,0.0228277037159521,0.021397451,0.024257956
Lung_and_bronchus,Male,tce,,,0,2.3499999,0.0226407216541984,0.021216638,0.024064805
Lung_and_bronchus,Male,tce,,,0,2.4000001,0.0224556440303909,0.021037847,0.023873441
Lung_and_bronchus,Male,tce,,,0,2.45,0.0222725220506194,0.020861115,0.023683928
Lung_and_bronchus,Male,tce,,,0,2.5,0.0220913927672793,0.02068647,0.023496317
Lung_and_bronchus,Male,tce,,,0,2.55,0.0219122841861964,0.020513926,0.023310643
Lung_and_bronchus,Male,tce,,,0,2.5999999,0.0217352157376088,0.020343496,0.023126937
Lung_and_bronchus,Male,tce,,,0,2.6500001,0.0215601986245468,0.020175179,0.022945218
Lung_and_bronchus,Male,tce,,,0,2.7,0.0213872401742284,0.020008978,0.022765504
Lung_and_bronchus,Male,tce,,,0,2.75,0.021216339720122,0.019844882,0.022587799
Lung_and_bronchus,Male,tce,,,0,2.8,0.0210474927238626,0.01968288,0.022412105
Lung_and_bronchus,Male,tce,,,0,2.8499999,0.0208806906098198,0.019522959,0.022238422
Lung_and_bronchus,Male,tce,,,0,2.9000001,0.0207159205716868,0.0193651,0.022066742
Lung_and_bronchus,Male,tce,,,0,2.95,0.020553169217817,0.019209282,0.021897055
Lung_and_bronchus,Male,tce,,,0,3.0,0.0203924183042774,0.019055486,0.021729352
Lung_and_bronchus,Male,tce,,,0,3.05,0.0202299480577534,0.018900191,0.021559706
Lung_and_bronchus,Male,tce,,,0,3.0999999,0.0200694916918245,0.018746916,0.021392066
Lung_and_bronchus,Male,tce,,,0,3.1500001,0.0199110250225508,0.018595636,0.021226414
Lung_and_bronchus,Male,tce,,,0,3.2,0.0197545249262727,0.018446323,0.021062728
Lung_and_bronchus,Male,tce,,,0,3.25,0.0195999650344145,0.018298944,0.020900985
Lung_and_bronchus,Male,tce,,,0,3.3,0.0194473189646259,0.018153474,0.020741165
Lung_and_bronchus,Male,tce,,,0,3.3499999,0.0192965597342296,0.018009881,0.020583238
Lung_and_bronchus,Male,tce,,,0,3.4000001,0.0191476592060674,0.017868135,0.020427184
Lung_and_bronchus,Male,tce,,,0,3.45,0.0190005910515252,0.017728208,0.020272974
Lung_and_bronchus,Male,tce,,,0,3.5,0.0188553266053487,0.017590068,0.020120585
Lung_and_bronchus,Male,tce,,,0,3.55,0.01871183781397,0.017453685,0.01996999
Lung_and_bronchus,Male,tce,,,0,3.5999999,0.0185700966073866,0.017319031,0.019821161
Lung_and_bronchus,Male,tce,,,0,3.6500001,0.0184300743101727,0.017186075,0.019674074
Lung_and_bronchus,Male,tce,,,0,3.7,0.0182917443683297,0.017054787,0.019528702
Lung_and_bronchus,Male,tce,,,0,3.75,0.0181550783987712,0.016925139,0.019385017
Lung_and_bronchus,Male,tce,,,0,3.8,0.0180200489154669,0.016797103,0.019242996
Lung_and_bronchus,Male,tce,,,0,3.8499999,0.0178866286980947,0.016670648,0.019102611
Lung_and_bronchus,Male,tce,,,0,3.9000001,0.0177547902013724,0.016545746,0.018963834
Lung_and_bronchus,Male,tce,,,0,3.95,0.017624508090946,0.016422374,0.018826643
Lung_and_bronchus,Male,tce,,,0,4.0,0.0174957554957453,0.016300499,0.018691011
Lung_and_bronchus,Male,tce,,,0,4.0500002,0.0173650281117473,0.016176812,0.018553244
Lung_and_bronchus,Male,tce,,,0,4.0999999,0.0172358321674489,0.016054621,0.018417044
Lung_and_bronchus,Male,tce,,,0,4.1500001,0.0171081394666206,0.015933897,0.018282382
Lung_and_bronchus,Male,tce,,,0,4.1999998,0.0169819271345512,0.015814619,0.018149236
Lung_and_bronchus,Male,tce,,,0,4.25,0.0168571678823917,0.015696757,0.018017579
Lung_and_bronchus,Male,tce,,,0,4.3000002,0.0167338384735557,0.015580288,0.017887389
Lung_and_bronchus,Male,tce,,,0,4.3499999,0.0166119160548653,0.015465189,0.017758643
Lung_and_bronchus,Male,tce,,,0,4.4000001,0.0164913747314892,0.015351432,0.017631317
Lung_and_bronchus,Male,tce,,,0,4.4499998,0.0163721936736648,0.015238999,0.017505389
Lung_and_bronchus,Male,tce,,,0,4.5,0.0162543479182251,0.015127863,0.017380834
Lung_and_bronchus,Male,tce,,,0,4.5500002,0.0161378163553215,0.015018002,0.017257631
Lung_and_bronchus,Male,tce,,,0,4.5999999,0.0160225782592563,0.014909396,0.017135762
Lung_and_bronchus,Male,tce,,,0,4.6500001,0.0159086100441159,0.01480202,0.0170152
Lung_and_bronchus,Male,tce,,,0,4.6999998,0.0157958929220874,0.014695858,0.016895929
Lung_and_bronchus,Male,tce,,,0,4.75,0.0156844042024234,0.014590884,0.016777925
Lung_and_bronchus,Male,tce,,,0,4.8000002,0.0155741248404905,0.01448708,0.016661169
Lung_and_bronchus,Male,tce,,,0,4.8499999,0.0154650361550142,0.014384428,0.016545644
Lung_and_bronchus,Male,tce,,,0,4.9000001,0.0153571167525977,0.014282905,0.016431328
Lung_and_bronchus,Male,tce,,,0,4.9499998,0.0152503497757695,0.014182496,0.016318204
Lung_and_bronchus,Male,tce,,,0,5.0,0.0151447146617499,0.014083179,0.01620625
Lung_and_bronchus,Male,tce,,,1,0.0,0.0,0.0,0.0
Lung_and_bronchus,Male,tce,,,1,0.050000001,0.0045535036797915,0.0043194923,0.0047875154
Lung_and_bronchus,Male,tce,,,1,0.1,0.0100848622060549,0.0096243452,0.010545379
Lung_and_bronchus,Male,tce,,,1,0.15000001,0.0145105127583064,0.013863777,0.015157249
Lung_and_bronchus,Male,tce,,,1,0.2,0.0179066121699647,0.017107712,0.018705511
Lung_and_bronchus,Male,tce,,,1,0.25,0.0204906622110592,0.019566679,0.021414647
Lung_and_bronchus,Male,tce,,,1,0.30000001,0.0224523758571293,0.021424789,0.023479963
Lung_and_bronchus,Male,tce,,,1,0.34999999,0.0239378487249222,0.02282384,0.025051856
Lung_and_bronchus,Male,tce,,,1,0.40000001,0.0250576341323052,0.023871053,0.026244216
Lung_and_bronchus,Male,tce,,,1,0.44999999,0.0259020186524355,0.024653755,0.027150281
Lung_and_bronchus,Male,tce,,,1,0.5,0.0265393508356744,0.025237953,0.027840748
Lung_and_bronchus,Male,tce,,,1,0.55000001,0.0270181591403754,0.02567048,0.028365839
Lung_and_bronchus,Male,tce,,,1,0.60000002,0.0273735752833273,0.025985217,0.028761934
Lung_and_bronchus,Male,tce,,,1,0.64999998,0.0276315287436826,0.026207151,0.029055906
Lung_and_bronchus,Male,tce,,,1,0.69999999,0.0278115037949562,0.026355051,0.029267957
Lung_and_bronchus,Male,tce,,,1,0.75,0.027928382756763,0.026443234,0.029413532
Lung_and_bronchus,Male,tce,,,1,0.80000001,0.0279936476295568,0.026482744,0.029504552
Lung_and_bronchus,Male,tce,,,1,0.85000002,0.0280151622367449,0.026481163,0.029549161
Lung_and_bronchus,Male,tce,,,1,0.89999998,0.0279984432018915,0.026443828,0.029553058
Lung_and_bronchus,Male,tce,,,1,0.94999999,0.0279483676595814,0.026375443,0.029521292
Lung_and_bronchus,Male,tce,,,1,1.0,0.0278692816359695,0.026280185,0.029458378
Lung_and_bronchus,Male,tce,,,1,1.05,0.0277626111398596,0.026159486,0.029365737
Lung_and_bronchus,Male,tce,,,1,1.1,0.0276342401246252,0.026018918,0.029249564
Lung_and_bronchus,Male,tce,,,1,1.15,0.0274872046588634,0.025861373,0.029113038
Lung_and_bronchus,Male,tce,,,1,1.2,0.0273241859451767,0.025689401,0.028958971
Lung_and_bronchus,Male,tce,,,1,1.25,0.0271475512390333,0.025505243,0.028789859
Lung_and_bronchus,Male,tce,,,1,1.3,0.026959385932834,0.025310872,0.028607899
Lung_and_bronchus,Male,tce,,,1,1.35,0.0267615259410163,0.025108015,0.028415037
Lung_and_bronchus,Male,tce,,,1,1.4,0.0265555873929187,0.024898186,0.028212989
Lung_and_bronchus,Male,tce,,,1,1.45,0.0263429905242083,0.024682717,0.028003262
Lung_and_bronchus,Male,tce,,,1,1.5,0.0261250770810298,0.024462858,0.027787296
Lung_and_bronchus,Male,tce,,,1,1.55,0.0259031289188008,0.024239797,0.027566461
Lung_and_bronchus,Male,tce,,,1,1.6,0.0256782415191398,0.024014551,0.027341932
Lung_and_bronchus,Male,tce,,,1,1.65,0.025451344466794,0.023787977,0.027114712
Lung_and_bronchus,Male,tce,,,1,1.7,0.0252232235855955,0.023560796,0.026885651
Lung_and_bronchus,Male,tce,,,1,1.75,0.0249945468494404,0.023333617,0.026655477
Lung_and_bronchus,Male,tce,,,1,1.8,0.0247658786426769,0.023106953,0.026424805
Lung_and_bronchus,Male,tce,,,1,1.85,0.0245376965435669,0.022881236,0.026194157
Lung_and_bronchus,Male,tce,,,1,1.9,0.0243104057075889,0.022656826,0.025963984
Lung_and_bronchus,Male,tce,,,1,1.95,0.0240843458258932,0.02243403,0.025734661
Lung_and_bronchus,Male,tce,,,1,2.0,0.0238598045636627,0.022213098,0.025506511
Lung_and_bronchus,Male,tce,,,1,2.05,0.0236348815644284,0.02199227,0.025277492
Lung_and_bronchus,Male,tce,,,1,2.0999999,0.0234119635321997,0.021773735,0.025050193
Lung_and_bronchus,Male,tce,,,1,2.1500001,0.0231912147150926,0.021557627,0.024824802
Lung_and_bronchus,Male,tce,,,1,2.2,0.0229727729576372,0.021344064,0.024601482
Lung_and_bronchus,Male,tce,,,1,2.25,0.0227567474965717,0.021133134,0.024380362
Lung_and_bronchus,Male,tce,,,1,2.3,0.0225432267102821,0.020924903,0.024161549
Lung_and_bronchus,Male,tce,,,1,2.3499999,0.0223322800928504,0.020719426,0.023945134
Lung_and_bronchus,Male,tce,,,1,2.4000001,0.0221239598773718,0.020516738,0.023731181
Lung_and_bronchus,Male,tce,,,1,2.45,0.0219183072478048,0.020316865,0.023519749
Lung_and_bronchus,Male,tce,,,1,2.5,0.0217153483227354,0.02011982,0.023310876
Lung_and_bronchus,Male,tce,,,1,2.55,0.0215150998229548,0.019925607,0.023104591
Lung_and_bronchus,Male,tce,,,1,2.5999999,0.0213175695279237,0.019734224,0.022900915
Lung_and_bronchus,Male,tce,,,1,2.6500001,0.0211227566158079,0.019545658,0.022699857
Lung_and_bronchus,Male,tce,,,1,2.7,0.0209306564620576,0.019359892,0.02250142
Lung_and_bronchus,Male,tce,,,1,2.75,0.0207412560178956,0.01917691,0.022305602
Lung_and_bronchus,Male,tce,,,1,2.8,0.0205545383668838,0.018996682,0.022112394
Lung_and_bronchus,Male,tce,,,1,2.8499999,0.0203704825099198,0.018819181,0.021921784
Lung_and_bronchus,Male,tce,,,1,2.9000001,0.0201890631337003,0.018644378,0.02173375
Lung_and_bronchus,Male,tce,,,1,2.95,0.020010254604872,0.018472234,0.021548275
Lung_and_bronchus,Male,tce,,,1,3.0,0.0198340262560357,0.018302718,0.021365335
Lung_and_bronchus,Male,tce,,,1,3.05,0.0196584356589709,0.01813405,0.02118282
Lung_and_bronchus,Male,tce,,,1,3.0999999,0.0194853989936027,0.017967971,0.021002827
Lung_and_bronchus,Male,tce,,,1,3.1500001,0.0193148797893672,0.017804438,0.020825323
Lung_and_bronchus,Male,tce,,,1,3.2,0.019146842959659,0.017643411,0.020650275
Lung_and_bronchus,Male,tce,,,1,3.25,0.0189812501634427,0.017484847,0.020477653
Lung_and_bronchus,Male,tce,,,1,3.3,0.0188180632782105,0.017328706,0.02030742
Lung_and_bronchus,Male,tce,,,1,3.3499999,0.0186572437624104,0.017174946,0.020139541
Lung_and_bronchus,Male,tce,,,1,3.4000001,0.0184987520627975,0.017023522,0.019973982
Lung_and_bronchus,Male,tce,,,1,3.45,0.0183425507629348,0.016874395,0.019810706
Lung_and_bronchus,Male,tce,,,1,3.5,0.0181886001672872,0.016727524,0.019649677
Lung_and_bronchus,Male,tce,,,1,3.55,0.0180368614372388,0.016582863,0.01949086
Lung_and_bronchus,Male,tce,,,1,3.5999999,0.017887295917817,0.016440375,0.019334216
Lung_and_bronchus,Male,tce,,,1,3.6500001,0.0177398645152657,0.016300017,0.019179711
Lung_and_bronchus,Male,tce,,,1,3.7,0.0175945305634749,0.016161751,0.019027309
Lung_and_bronchus,Male,tce,,,1,3.75,0.0174512556612351,0.016025536,0.018876975
Lung_and_bronchus,Male,tce,,,1,3.8,0.017310002540798,0.015891334,0.018728672
Lung_and_bronchus,Male,tce,,,1,3.8499999,0.0171707343989653,0.015759105,0.018582365
Lung_and_bronchus,Male,tce,,,1,3.9000001,0.0170334142795252,0.015628811,0.018438019
Lung_and_bronchus,Male,tce,,,1,3.95,0.0168980077100128,0.015500415,0.018295601
Lung_and_bronchus,Male,tce,,,1,4.0,0.0167644787951087,0.015373882,0.018155076
Lung_and_bronchus,Male,tce,,,1,4.0500002,0.0166311039043366,0.015247649,0.01801456
Lung_and_bronchus,Male,tce,,,1,4.0999999,0.0164995707378733,0.015123238,0.017875904
Lung_and_bronchus,Male,tce,,,1,4.1500001,0.0163698426221717,0.01500061,0.017739076
Lung_and_bronchus,Male,tce,,,1,4.1999998,0.0162418884779392,0.014879733,0.017604044
Lung_and_bronchus,Male,tce,,,1,4.25,0.0161156729255317,0.014760572,0.017470773
Lung_and_bronchus,Male,tce,,,1,4.3000002,0.0159911648713065,0.014643095,0.017339235
Lung_and_bronchus,Male,tce,,,1,4.3499999,0.0158683337736169,0.01452727,0.017209398
Lung_and_bronchus,Male,tce,,,1,4.4000001,0.015747146200246,0.014413062,0.017081231
Lung_and_bronchus,Male,tce,,,1,4.4499998,0.0156275739861084,0.014300442,0.016954705
Lung_and_bronchus,Male,tce,,,1,4.5,0.0155095849817024,0.014189379,0.016829791
Lung_and_bronchus,Male,tce,,,1,4.5500002,0.0153931510686158,0.014079844,0.016706457
Lung_and_bronchus,Male,tce,,,1,4.5999999,0.0152782446654021,0.013971807,0.016584681
Lung_and_bronchus,Male,tce,,,1,4.6500001,0.0151648354996455,0.01386524,0.016464431
Lung_and_bronchus,Male,tce,,,1,4.6999998,0.0150528982353599,0.013760115,0.016345682
Lung_and_bronchus,Male,tce,,,1,4.75,0.0149424038109787,0.013656403,0.016228404
Lung_and_bronchus,Male,tce,,,1,4.8000002,0.0148333269383327,0.013554079,0.016112575
Lung_and_bronchus,Male,tce,,,1,4.8499999,0.0147256428300176,0.013453118,0.015998168
Lung_and_bronchus,Male,tce,,,1,4.9000001,0.0146193241698254,0.01335349,0.015885158
Lung_and_bronchus,Male,tce,,,1,4.9499998,0.0145143482592092,0.013255175,0.015773522
Lung_and_bronchus,Male,tce,,,1,5.0,0.0144106888948098,0.013158145,0.015663233
Lung_and_bronchus,Male,tce,,,2,0.0,0.0,0.0,0.0
Lung_and_bronchus,Male,tce,,,2,0.050000001,0.0050714271296442,0.004587526,0.0055553284
Lung_and_bronchus,Male,tce,,,2,0.1,0.0096082418778731,0.0086640241,0.010552459
Lung_and_bronchus,Male,tce,,,2,0.15000001,0.0130861377554142,0.011778093,0.014394183
Lung_and_bronchus,Male,tce,,,2,0.2,0.0157354029196637,0.014142483,0.017328322
Lung_and_bronchus,Male,tce,,,2,0.25,0.0177647954784088,0.015947817,0.019581774
Lung_and_bronchus,Male,tce,,,2,0.30000001,0.0193304264588455,0.01733616,0.021324694
Lung_and_bronchus,Male,tce,,,2,0.34999999,0.0205459332968955,0.018410699,0.022681167
Lung_and_bronchus,Male,tce,,,2,0.40000001,0.0214950449911351,0.019247303,0.023742786
Lung_and_bronchus,Male,tce,,,2,0.44999999,0.0222454869845157,0.019907158,0.024583817
Lung_and_bronchus,Male,tce,,,2,0.5,0.0228478907164776,0.020435888,0.025259893
Lung_and_bronchus,Male,tce,,,2,0.55000001,0.0233376310063117,0.020865306,0.025809955
Lung_and_bronchus,Male,tce,,,2,0.60000002,0.023739976973273,0.021218086,0.026261868
Lung_and_bronchus,Male,tce,,,2,0.64999998,0.0240733638973973,0.021510728,0.026636001
Lung_and_bronchus,Male,tce,,,2,0.69999999,0.0243515008990708,0.021755472,0.02694753
Lung_and_bronchus,Male,tce,,,2,0.75,0.0245847563589086,0.021961551,0.027207961
Lung_and_bronchus,Male,tce,,,2,0.80000001,0.0247810339414926,0.022135984,0.027426085
Lung_and_bronchus,Male,tce,,,2,0.85000002,0.0249452785665927,0.022283105,0.027607452
Lung_and_bronchus,Male,tce,,,2,0.89999998,0.0250805690669453,0.022405555,0.027755583
Lung_and_bronchus,Male,tce,,,2,0.94999999,0.0251897523360334,0.022505777,0.027873728
Lung_and_bronchus,Male,tce,,,2,1.0,0.0252754747298148,0.022586035,0.027964914
Lung_and_bronchus,Male,tce,,,2,1.05,0.025331125090747,0.022640413,0.028021839
Lung_and_bronchus,Male,tce,,,2,1.1,0.0253679027467186,0.02267874,0.028057067
Lung_and_bronchus,Male,tce,,,2,1.15,0.0253878465104818,0.022702761,0.028072933
Lung_and_bronchus,Male,tce,,,2,1.2,0.0253927976242734,0.022714047,0.028071549
Lung_and_bronchus,Male,tce,,,2,1.25,0.02538441335492,0.022714008,0.028054819
Lung_and_bronchus,Male,tce,,,2,1.3,0.0253641819719259,0.02270391,0.028024454
Lung_and_bronchus,Male,tce,,,2,1.35,0.025333437386701,0.022684883,0.027981993
Lung_and_bronchus,Male,tce,,,2,1.4,0.0252933738066822,0.022657936,0.027928811
Lung_and_bronchus,Male,tce,,,2,1.45,0.0252450600576982,0.022623973,0.027866147
Lung_and_bronchus,Male,tce,,,2,1.5,0.025189512385595,0.022583853,0.027795171
Lung_and_bronchus,Male,tce,,,2,1.55,0.0251277016320996,0.022538397,0.027717005
Lung_and_bronchus,Male,tce,,,2,1.6,0.0250604662710621,0.022488317,0.027632615
Lung_and_bronchus,Male,tce,,,2,1.65,0.0249885266790731,0.022434218,0.027542835
Lung_and_bronchus,Male,tce,,,2,1.7,0.0249125022746362,0.022376619,0.027448386
Lung_and_bronchus,Male,tce,,,2,1.75,0.0248329281022286,0.02231597,0.027349887
Lung_and_bronchus,Male,tce,,,2,1.8,0.0247502662957151,0.022252653,0.02724788
Lung_and_bronchus,Male,tce,,,2,1.85,0.0246649172333315,0.022187002,0.027142834
Lung_and_bronchus,Male,tce,,,2,1.9,0.0245772291262601,0.022119304,0.027035154
Lung_and_bronchus,Male,tce,,,2,1.95,0.0244875041194252,0.022049809,0.026925199
Lung_and_bronchus,Male,tce,,,2,2.0,0.0243960063333085,0.021978736,0.026813278
Lung_and_bronchus,Male,tce,,,2,2.05,0.0242931045149138,0.021897394,0.026688814
Lung_and_bronchus,Male,tce,,,2,2.0999999,0.02418893932591,0.021814883,0.026562996
Lung_and_bronchus,Male,tce,,,2,2.1500001,0.0240836889406135,0.021731347,0.026436031
Lung_and_bronchus,Male,tce,,,2,2.2,0.0239775110778661,0.021646913,0.02630811
Lung_and_bronchus,Male,tce,,,2,2.25,0.0238705428951574,0.021561693,0.026179394
Lung_and_bronchus,Male,tce,,,2,2.3,0.0237629054851672,0.021475784,0.026050026
Lung_and_bronchus,Male,tce,,,2,2.3499999,0.0236547055197589,0.021389276,0.025920134
Lung_and_bronchus,Male,tce,,,2,2.4000001,0.023546036577211,0.021302242,0.025789833
Lung_and_bronchus,Male,tce,,,2,2.45,0.023436982810794,0.021214748,0.025659218
Lung_and_bronchus,Male,tce,,,2,2.5,0.0233276172171711,0.021126855,0.025528379
Lung_and_bronchus,Male,tce,,,2,2.55,0.0232180049010696,0.021038614,0.025397394
Lung_and_bronchus,Male,tce,,,2,2.5999999,0.023108203593988,0.020950075,0.025266333
Lung_and_bronchus,Male,tce,,,2,2.6500001,0.022998264030004,0.020861275,0.025135253
Lung_and_bronchus,Male,tce,,,2,2.7,0.0228882328270852,0.020772252,0.025004212
Lung_and_bronchus,Male,tce,,,2,2.75,0.0227781500246184,0.020683041,0.024873259
Lung_and_bronchus,Male,tce,,,2,2.8,0.0226680517764421,0.020593669,0.024742434
Lung_and_bronchus,Male,tce,,,2,2.8499999,0.022557970348373,0.020504164,0.024611777
Lung_and_bronchus,Male,tce,,,2,2.9000001,0.0224479340501363,0.020414548,0.024481321
Lung_and_bronchus,Male,tce,,,2,2.95,0.0223379697339907,0.020324843,0.024351096
Lung_and_bronchus,Male,tce,,,2,3.0,0.0222280999974312,0.020235069,0.024221132
Lung_and_bronchus,Male,tce,,,2,3.05,0.0221087621475299,0.0201365,0.024081025
Lung_and_bronchus,Male,tce,,,2,3.0999999,0.0219896627913354,0.020037979,0.023941347
Lung_and_bronchus,Male,tce,,,2,3.1500001,0.0218708181364795,0.019939519,0.023802117
Lung_and_bronchus,Male,tce,,,2,3.2,0.0217522443867939,0.019841138,0.023663351
Lung_and_bronchus,Male,tce,,,2,3.25,0.0216339545324774,0.019742845,0.023525065
Lung_and_bronchus,Male,tce,,,2,3.3,0.0215159607862692,0.019644652,0.02338727
Lung_and_bronchus,Male,tce,,,2,3.3499999,0.0213982741646283,0.019546568,0.02324998
Lung_and_bronchus,Male,tce,,,2,3.4000001,0.0212809040601228,0.019448604,0.023113202
Lung_and_bronchus,Male,tce,,,2,3.45,0.0211638605947195,0.019350771,0.02297695
Lung_and_bronchus,Male,tce,,,2,3.5,0.0210471513645755,0.019253073,0.02284123
Lung_and_bronchus,Male,tce,,,2,3.55,0.0209307837713464,0.019155521,0.022706047
Lung_and_bronchus,Male,tce,,,2,3.5999999,0.0208147645425099,0.019058121,0.022571409
Lung_and_bronchus,Male,tce,,,2,3.6500001,0.0206990992523004,0.018960878,0.022437321
Lung_and_bronchus,Male,tce,,,2,3.7,0.0205837945897045,0.018863801,0.022303788
Lung_and_bronchus,Male,tce,,,2,3.75,0.0204688551056367,0.018766897,0.022170814
Lung_and_bronchus,Male,tce,,,2,3.8,0.0203542854709023,0.018670168,0.022038404
Lung_and_bronchus,Male,tce,,,2,3.8499999,0.0202400899683316,0.018573621,0.021906558
Lung_and_bronchus,Male,tce,,,2,3.9000001,0.0201262719905323,0.018477263,0.021775281
Lung_and_bronchus,Male,tce,,,2,3.95,0.0200128362441644,0.018381096,0.021644577
Lung_and_bronchus,Male,tce,,,2,4.0,0.0198997855248536,0.018285125,0.021514446
Lung_and_bronchus,Male,tce,,,2,4.0500002,0.01977776166687,0.018180724,0.021374799
Lung_and_bronchus,Male,tce,,,2,4.0999999,0.0196562492058052,0.018076632,0.021235866
Lung_and_bronchus,Male,tce,,,2,4.1500001,0.0195352478141257,0.017972849,0.021097647
Lung_and_bronchus,Male,tce,,,2,4.1999998,0.0194147615892079,0.017869383,0.020960141
Lung_and_bronchus,Male,tce,,,2,4.25,0.0192947898402255,0.017766234,0.020823346
Lung_and_bronchus,Male,tce,,,2,4.3000002,0.019175335160213,0.017663406,0.020687263
Lung_and_bronchus,Male,tce,,,2,4.3499999,0.0190563999713875,0.017560907,0.020551894
Lung_and_bronchus,Male,tce,,,2,4.4000001,0.0189379831576438,0.017458733,0.020417232
Lung_and_bronchus,Male,tce,,,2,4.4499998,0.0188200880036679,0.017356893,0.020283284
Lung_and_bronchus,Male,tce,,,2,4.5,0.0187027131709525,0.017255386,0.020150039
Lung_and_bronchus,Male,tce,,,2,4.5500002,0.0185858605899011,0.017154217,0.020017505
Lung_and_bronchus,Male,tce,,,2,4.5999999,0.0184695320726929,0.01705339,0.019885676
Lung_and_bronchus,Male,tce,,,2,4.6500001,0.0183537260149064,0.016952902,0.019754549
Lung_and_bronchus,Male,tce,,,2,4.6999998,0.0182384451554712,0.016852763,0.019624127
Lung_and_bronchus,Male,tce,,,2,4.75,0.0181236877473401,0.016752969,0.019494405
Lung_and_bronchus,Male,tce,,,2,4.8000002,0.0180094552711438,0.016653528,0.019365383
Lung_and_bronchus,Male,tce,,,2,4.8499999,0.0178957491191597,0.016554439,0.019237058
Lung_and_bronchus,Male,tce,,,2,4.9000001,0.0177825673688894,0.016455704,0.01910943
Lung_and_bronchus,Male,tce,,,2,4.9499998,0.017669912365061,0.016357329,0.018982496
Lung_and_bronchus,Male,tce,,,2,5.0,0.017557782087975,0.016259311,0.018856253
Lung_and_bronchus,Male,tie,,,0,0.0,0.0,0.0,0.0
Lung_and_bronchus,Male,tie,,,0,0.050000001,0.002180465645426,0.001956688,0.0024042432
Lung_and_bronchus,Male,tie,,,0,0.1,0.0043374786498201,0.0038987556,0.0047762017
Lung_and_bronchus,Male,tie,,,0,0.15000001,0.0061208278397486,0.0055073616,0.0067342939
Lung_and_bronchus,Male,tie,,,0,0.2,0.0075813713142313,0.0068266448,0.0083360979
Lung_and_bronchus,Male,tie,,,0,0.25,0.0087830713878931,0.0079134023,0.0096527403
Lung_and_bronchus,Male,tie,,,0,0.30000001,0.0097785465979819,0.0088146022,0.010742491
Lung_and_bronchus,Male,tie,,,0,0.34999999,0.0106085830268879,0.0095667532,0.011650412
Lung_and_bronchus,Male,tie,,,0,0.40000001,0.011305037491509,0.010198429,0.012411646
Lung_and_bronchus,Male,tie,,,0,0.44999999,0.0118962106634017,0.010735074,0.013057347
Lung_and_bronchus,Male,tie,,,0,0.5,0.0124046386240395,0.011196981,0.013612296
Lung_and_bronchus,Male,tie,,,0,0.55000001,0.0128466402768461,0.011598855,0.014094425
Lung_and_bronchus,Male,tie,,,0,0.60000002,0.0132342735239886,0.011951569,0.014516978
Lung_and_bronchus,Male,tie,,,0,0.64999998,0.0135766251869071,0.012263319,0.01488993
Lung_and_bronchus,Male,tie,,,0,0.69999999,0.0138806681827696,0.012540402,0.015220935
Lung_and_bronchus,Male,tie,,,0,0.75,0.0141518385940513,0.012787723,0.015515954
Lung_and_bronchus,Male,tie,,,0,0.80000001,0.0143944042321014,0.013009138,0.01577967
Lung_and_bronchus,Male,tie,,,0,0.85000002,0.0146111080138735,0.013207124,0.016015092
Lung_and_bronchus,Male,tie,,,0,0.89999998,0.014803720187912,0.013383272,0.016224168
Lung_and_bronchus,Male,tie,,,0,0.94999999,0.0149739347318348,0.013539111,0.016408758
Lung_and_bronchus,Male,tie,,,0,1.0,0.0151233809290821,0.013676109,0.016570654
Lung_and_bronchus,Male,tie,,,0,1.05,0.0152514459031979,0.013793724,0.016709168
Lung_and_bronchus,Male,tie,,,0,1.1,0.0153617392437932,0.013895201,0.016828278
Lung_and_bronchus,Male,tie,,,0,1.15,0.015455645887597,0.013981791,0.0169295
Lung_and_bronchus,Male,tie,,,0,1.2,0.0155344626809102,0.014054666,0.017014259
Lung_and_bronchus,Male,tie,,,0,1.25,0.015599398365462,0.014114919,0.017083878
Lung_and_bronchus,Male,tie,,,0,1.3,0.0156515780013026,0.014163569,0.017139588
Lung_and_bronchus,Male,tie,,,0,1.35,0.0156920460420095,0.014201558,0.017182535
Lung_and_bronchus,Male,tie,,,0,1.4,0.0157217703944997,0.014229765,0.017213777
Lung_and_bronchus,Male,tie,,,0,1.45,0.0157416487243165,0.014249002,0.017234296
Lung_and_bronchus,Male,tie,,,0,1.5,0.015752568640822,0.014260074,0.017245064
Lung_and_bronchus,Male,tie,,,0,1.55,0.0157554135352665,0.014263783,0.017247044
Lung_and_bronchus,Male,tie,,,0,1.6,0.0157509754598913,0.014260847,0.017241104
Lung_and_bronchus,Male,tie,,,0,1.65,0.0157399603331991,0.014251908,0.017228013
Lung_and_bronchus,Male,tie,,,0,1.7,0.0157229986823626,0.014237539,0.017208459
Lung_and_bronchus,Male,tie,,,0,1.75,0.0157006551478411,0.014218251,0.017183058
Lung_and_bronchus,Male,tie,,,0,1.8,0.0156734362315843,0.014194507,0.017152365
Lung_and_bronchus,Male,tie,,,0,1.85,0.0156417972589554,0.01416672,0.017116874
Lung_and_bronchus,Male,tie,,,0,1.9,0.0156061486179894,0.014135264,0.017077034
Lung_and_bronchus,Male,tie,,,0,1.95,0.0155668603764055,0.014100474,0.017033247
Lung_and_bronchus,Male,tie,,,0,2.0,0.0155242674521099,0.014062656,0.016985878
Lung_and_bronchus,Male,tie,,,0,2.05,0.0154763672031442,0.014020004,0.01693273
Lung_and_bronchus,Male,tie,,,0,2.0999999,0.015425763591929,0.01397487,0.016876657
Lung_and_bronchus,Male,tie,,,0,2.1500001,0.0153727070881152,0.013927483,0.016817931
Lung_and_bronchus,Male,tie,,,0,2.2,0.015317426268587,0.01387805,0.016756803
Lung_and_bronchus,Male,tie,,,0,2.25,0.0152601286354243,0.013826761,0.016693495
Lung_and_bronchus,Male,tie,,,0,2.3,0.0152010036801529,0.013773791,0.016628217
Lung_and_bronchus,Male,tie,,,0,2.3499999,0.0151402244604216,0.013719294,0.016561154
Lung_and_bronchus,Male,tie,,,0,2.4000001,0.0150779489160925,0.013663417,0.016492482
Lung_and_bronchus,Male,tie,,,0,2.45,0.015014322499525,0.01360629,0.016422354
Lung_and_bronchus,Male,tie,,,0,2.5,0.0149494776697852,0.013548038,0.016350918
Lung_and_bronchus,Male,tie,,,0,2.55,0.0148835362124115,0.013488769,0.016278304
Lung_and_bronchus,Male,tie,,,0,2.5999999,0.0148166099623768,0.013428586,0.016204635
Lung_and_bronchus,Male,tie,,,0,2.6500001,0.0147488013881247,0.013367583,0.016130019
Lung_and_bronchus,Male,tie,,,0,2.7,0.0146802057040366,0.013305848,0.016054563
Lung_and_bronchus,Male,tie,,,0,2.75,0.0146109096611818,0.013243458,0.015978361
Lung_and_bronchus,Male,tie,,,0,2.8,0.014540993494608,0.013180489,0.015901498
Lung_and_bronchus,Male,tie,,,0,2.8499999,0.0144705311941748,0.013117007,0.015824055
Lung_and_bronchus,Male,tie,,,0,2.9000001,0.0143995906992504,0.013053074,0.015746107
Lung_and_bronchus,Male,tie,,,0,2.95,0.0143282357363832,0.012988751,0.015667722
Lung_and_bronchus,Male,tie,,,0,3.0,0.0142565242254161,0.012924088,0.015588961
Lung_and_bronchus,Male,tie,,,0,3.05,0.0141822955025173,0.012857129,0.015507462
Lung_and_bronchus,Male,tie,,,0,3.0999999,0.0141078447325644,0.012789953,0.015425736
Lung_and_bronchus,Male,tie,,,0,3.1500001,0.0140332175682379,0.012722603,0.015343832
Lung_and_bronchus,Male,tie,,,0,3.2,0.0139584572879001,0.012655118,0.015261796
Lung_and_bronchus,Male,tie,,,0,3.25,0.0138836029319697,0.012587535,0.01517967
Lung_and_bronchus,Male,tie,,,0,3.3,0.0138086909733919,0.012519887,0.015097495
Lung_and_bronchus,Male,tie,,,0,3.3499999,0.0137337551881284,0.012452205,0.015015306
Lung_and_bronchus,Male,tie,,,0,3.4000001,0.0136588265043173,0.012384517,0.014933136
Lung_and_bronchus,Male,tie,,,0,3.45,0.0135839346201032,0.01231685,0.014851019
Lung_and_bronchus,Male,tie,,,0,3.5,0.0135091060324382,0.01224923,0.014768981
Lung_and_bronchus,Male,tie,,,0,3.55,0.0134343656246931,0.01218168,0.014687052
Lung_and_bronchus,Male,tie,,,0,3.5999999,0.0133597364544838,0.012114219,0.014605254
Lung_and_bronchus,Male,tie,,,0,3.6500001,0.0132852395320513,0.012046869,0.01452361
Lung_and_bronchus,Male,tie,,,0,3.7,0.0132108953630107,0.011979647,0.014442144
Lung_and_bronchus,Male,tie,,,0,3.75,0.0131367219294768,0.011912571,0.014360873
Lung_and_bronchus,Male,tie,,,0,3.8,0.0130627362154142,0.011845656,0.014279816
Lung_and_bronchus,Male,tie,,,0,3.8499999,0.0129889539466167,0.011778916,0.014198991
Lung_and_bronchus,Male,tie,,,0,3.9000001,0.0129153893285748,0.011712366,0.014118413
Lung_and_bronchus,Male,tie,,,0,3.95,0.0128420565298877,0.011646017,0.014038095
Lung_and_bronchus,Male,tie,,,0,4.0,0.0127689676525877,0.011579882,0.013958053
Lung_and_bronchus,Male,tie,,,0,4.0500002,0.0126940446901551,0.011512073,0.013876017
Lung_and_bronchus,Male,tie,,,0,4.0999999,0.0126194202802016,0.011444525,0.013794315
Lung_and_bronchus,Male,tie,,,0,4.1500001,0.0125451024851745,0.011377249,0.013712957
Lung_and_bronchus,Male,tie,,,0,4.1999998,0.0124711014400393,0.011310252,0.013631951
Lung_and_bronchus,Male,tie,,,0,4.25,0.0123974237343374,0.011243542,0.013551306
Lung_and_bronchus,Male,tie,,,0,4.3000002,0.0123240774077224,0.011177124,0.01347103
Lung_and_bronchus,Male,tie,,,0,4.3499999,0.0122510698630141,0.011111009,0.013391131
Lung_and_bronchus,Male,tie,,,0,4.4000001,0.0121784058329381,0.011045198,0.013311613
Lung_and_bronchus,Male,tie,,,0,4.4499998,0.0121060922841035,0.010979699,0.013232485
Lung_and_bronchus,Male,tie,,,0,4.5,0.0120341329091403,0.010914516,0.01315375
Lung_and_bronchus,Male,tie,,,0,4.5500002,0.0119625329957064,0.010849652,0.013075414
Lung_and_bronchus,Male,tie,,,0,4.5999999,0.0118912973730692,0.010785114,0.012997481
Lung_and_bronchus,Male,tie,,,0,4.6500001,0.0118204284182559,0.010720902,0.012919955
Lung_and_bronchus,Male,tie,,,0,4.6999998,0.0117499308296594,0.010657023,0.01284284
Lung_and_bronchus,Male,tie,,,0,4.75,0.0116798062453752,0.010593476,0.012766137
Lung_and_bronchus,Male,tie,,,0,4.8000002,0.0116100579816348,0.010530266,0.01268985
Lung_and_bronchus,Male,tie,,,0,4.8499999,0.0115406890215072,0.010467395,0.012613983
Lung_and_bronchus,Male,tie,,,0,4.9000001,0.011471700066742,0.010404864,0.012538536
Lung_and_bronchus,Male,tie,,,0,4.9499998,0.0114030941786323,0.010342677,0.012463511
Lung_and_bronchus,Male,tie,,,0,5.0,0.0113348715324685,0.010280833,0.01238891
Lung_and_bronchus,Male,tie,,,1,0.0,0.0,0.0,0.0
Lung_and_bronchus,Male,tie,,,1,0.050000001,0.0021380499257327,0.0019056137,0.0023704863
Lung_and_bronchus,Male,tie,,,1,0.1,0.0042813483614776,0.0038217027,0.004740994
Lung_and_bronchus,Male,tie,,,1,0.15000001,0.0060696716168786,0.0054228967,0.0067164465
Lung_and_bronchus,Male,tie,,,1,0.2,0.0075455457803834,0.0067458237,0.0083452677
Lung_and_bronchus,Male,tie,,,1,0.25,0.0087682982536395,0.0078428844,0.009693712
Lung_and_bronchus,Male,tie,,,1,0.30000001,0.0097878896254895,0.0087584248,0.010817355
Lung_and_bronchus,Male,tie,,,1,0.34999999,0.0106435339237707,0.009527334,0.011759734
Lung_and_bronchus,Male,tie,,,1,0.40000001,0.0113661469655808,0.010177162,0.012555131
Lung_and_bronchus,Male,tie,,,1,0.44999999,0.0119835415309435,0.010732749,0.013234334
Lung_and_bronchus,Male,tie,,,1,0.5,0.0125180269665482,0.011214037,0.013822016
Lung_and_bronchus,Male,tie,,,1,0.55000001,0.0129858100658606,0.011635528,0.014336091
Lung_and_bronchus,Male,tie,,,1,0.60000002,0.0133988969301825,0.012007967,0.014789827
Lung_and_bronchus,Male,tie,,,1,0.64999998,0.0137663544357891,0.012339473,0.015193236
Lung_and_bronchus,Male,tie,,,1,0.69999999,0.0140951521956418,0.012636289,0.015554016
Lung_and_bronchus,Male,tie,,,1,0.75,0.0143907310418789,0.012903291,0.015878171
Lung_and_bronchus,Male,tie,,,1,0.80000001,0.014657365628562,0.01314431,0.016170422
Lung_and_bronchus,Male,tie,,,1,0.85000002,0.0148977756551638,0.01336178,0.016433772
Lung_and_bronchus,Male,tie,,,1,0.89999998,0.0151136835971702,0.013557241,0.016670126
Lung_and_bronchus,Male,tie,,,1,0.94999999,0.0153067437748137,0.013732171,0.016881317
Lung_and_bronchus,Male,tie,,,1,1.0,0.0154785540278011,0.013887998,0.017069111
Lung_and_bronchus,Male,tie,,,1,1.05,0.0156291265959992,0.014024734,0.017233519
Lung_and_bronchus,Male,tie,,,1,1.1,0.0157614023989189,0.01414501,0.017377796
Lung_and_bronchus,Male,tie,,,1,1.15,0.0158767516408447,0.014250051,0.017503452
Lung_and_bronchus,Male,tie,,,1,1.2,0.0159764614809306,0.01434101,0.017611913
Lung_and_bronchus,Male,tie,,,1,1.25,0.0160617348951531,0.014418965,0.017704505
Lung_and_bronchus,Male,tie,,,1,1.3,0.0161336948241174,0.014484922,0.017782466
Lung_and_bronchus,Male,tie,,,1,1.35,0.0161933865453334,0.014539819,0.017846953
Lung_and_bronchus,Male,tie,,,1,1.4,0.0162417811250547,0.014584527,0.017899035
Lung_and_bronchus,Male,tie,,,1,1.45,0.0162797817283672,0.014619857,0.017939707
Lung_and_bronchus,Male,tie,,,1,1.5,0.0163082877494089,0.014646616,0.01796996
Lung_and_bronchus,Male,tie,,,1,1.55,0.0163282016723534,0.014665615,0.017990788
Lung_and_bronchus,Male,tie,,,1,1.6,0.0163403344474019,0.014677584,0.018003086
Lung_and_bronchus,Male,tie,,,1,1.65,0.0163454099779369,0.014683175,0.018007645
Lung_and_bronchus,Male,tie,,,1,1.7,0.0163440761315921,0.014682971,0.018005181
Lung_and_bronchus,Male,tie,,,1,1.75,0.0163369139468601,0.014677495,0.017996334
Lung_and_bronchus,Male,tie,,,1,1.8,0.0163244456637119,0.014667217,0.017981675
Lung_and_bronchus,Male,tie,,,1,1.85,0.0163071415944454,0.014652561,0.017961722
Lung_and_bronchus,Male,tie,,,1,1.9,0.0162854262944966,0.01463391,0.017936943
Lung_and_bronchus,Male,tie,,,1,1.95,0.0162596834481792,0.014611609,0.017907757
Lung_and_bronchus,Male,tie,,,1,2.0,0.0162302608063062,0.014585973,0.01787455
Lung_and_bronchus,Male,tie,,,1,2.05,0.0161958368809464,0.014555818,0.017835855
Lung_and_bronchus,Male,tie,,,1,2.0999999,0.0161583446107019,0.014522879,0.01779381
Lung_and_bronchus,Male,tie,,,1,2.1500001,0.0161180455828961,0.014487392,0.017748699
Lung_and_bronchus,Male,tie,,,1,2.2,0.0160751788260812,0.014449571,0.017700786
Lung_and_bronchus,Male,tie,,,1,2.25,0.0160299620174273,0.014409615,0.01765031
Lung_and_bronchus,Male,tie,,,1,2.3,0.0159825943257916,0.014367701,0.017597487
Lung_and_bronchus,Male,tie,,,1,2.3499999,0.0159332580729522,0.014323995,0.017542521
Lung_and_bronchus,Male,tie,,,1,2.4000001,0.0158821201240013,0.014278648,0.017485593
Lung_and_bronchus,Male,tie,,,1,2.45,0.0158293343275406,0.014231799,0.017426869
Lung_and_bronchus,Male,tie,,,1,2.5,0.0157750413483062,0.014183575,0.017366508
Lung_and_bronchus,Male,tie,,,1,2.55,0.0157193707918747,0.014134093,0.017304648
Lung_and_bronchus,Male,tie,,,1,2.5999999,0.0156624419992007,0.014083462,0.017241422
Lung_and_bronchus,Male,tie,,,1,2.6500001,0.0156043646931768,0.01403178,0.017176948
Lung_and_bronchus,Male,tie,,,1,2.7,0.0155452409225429,0.01397914,0.017111342
Lung_and_bronchus,Male,tie,,,1,2.75,0.0154851641458527,0.013925626,0.017044703
Lung_and_bronchus,Male,tie,,,1,2.8,0.015424221005896,0.013871317,0.016977124
Lung_and_bronchus,Male,tie,,,1,2.8499999,0.0153624916606992,0.013816286,0.016908698
Lung_and_bronchus,Male,tie,,,1,2.9000001,0.0153000500305465,0.013760598,0.016839501
Lung_and_bronchus,Male,tie,,,1,2.95,0.0152369654862707,0.013704319,0.016769612
Lung_and_bronchus,Male,tie,,,1,3.0,0.0151733015093839,0.013647504,0.016699098
Lung_and_bronchus,Male,tie,,,1,3.05,0.0151074422346457,0.013588703,0.016626181
Lung_and_bronchus,Male,tie,,,1,3.0999999,0.0150411345043621,0.013529487,0.016552782
Lung_and_bronchus,Male,tie,,,1,3.1500001,0.0149744291724564,0.013469899,0.016478959
Lung_and_bronchus,Male,tie,,,1,3.2,0.014907374441409,0.013409984,0.016404765
Lung_and_bronchus,Male,tie,,,1,3.25,0.0148400142325855,0.013349783,0.016330246
Lung_and_bronchus,Male,tie,,,1,3.3,0.0147723897115209,0.013289332,0.016255448
Lung_and_bronchus,Male,tie,,,1,3.3499999,0.0147045392032779,0.013228666,0.016180413
Lung_and_bronchus,Male,tie,,,1,3.4000001,0.0146364980801936,0.013167818,0.016105179
Lung_and_bronchus,Male,tie,,,1,3.45,0.0145683002551669,0.013106818,0.016029783
Lung_and_bronchus,Male,tie,,,1,3.5,0.0144999764130453,0.013045695,0.015954258
Lung_and_bronchus,Male,tie,,,1,3.55,0.0144315554712184,0.012984473,0.015878638
Lung_and_bronchus,Male,tie,,,1,3.5999999,0.0143630644057433,0.012923179,0.01580295
Lung_and_bronchus,Male,tie,,,1,3.6500001,0.0142945280624596,0.012861835,0.015727222
Lung_and_bronchus,Male,tie,,,1,3.7,0.0142259705913801,0.012800462,0.015651479
Lung_and_bronchus,Male,tie,,,1,3.75,0.0141574136025731,0.012739081,0.015575746
Lung_and_bronchus,Male,tie,,,1,3.8,0.0140888775810312,0.01267771,0.015500046
Lung_and_bronchus,Male,tie,,,1,3.8499999,0.0140203816593204,0.012616365,0.015424398
Lung_and_bronchus,Male,tie,,,1,3.9000001,0.0139519433831487,0.012555065,0.015348822
Lung_and_bronchus,Male,tie,,,1,3.95,0.0138835801012203,0.012493824,0.015273336
Lung_and_bronchus,Male,tie,,,1,4.0,0.0138153070854809,0.012432656,0.015197958
Lung_and_bronchus,Male,tie,,,1,4.0500002,0.0137455181964267,0.012370118,0.015120919
Lung_and_bronchus,Male,tie,,,1,4.0999999,0.0136758670544456,0.012307695,0.015044039
Lung_and_bronchus,Male,tie,,,1,4.1500001,0.013606364965209,0.012245399,0.014967331
Lung_and_bronchus,Male,tie,,,1,4.1999998,0.0135370250453544,0.012183242,0.014890809
Lung_and_bronchus,Male,tie,,,1,4.25,0.013467856974559,0.012121232,0.014814482
Lung_and_bronchus,Male,tie,,,1,4.3000002,0.0133988716785753,0.012059379,0.014738364
Lung_and_bronchus,Male,tie,,,1,4.3499999,0.0133300793842818,0.011997694,0.014662464
Lung_and_bronchus,Male,tie,,,1,4.4000001,0.0132614877028114,0.011936183,0.014586792
Lung_and_bronchus,Male,tie,,,1,4.4499998,0.013193106257601,0.011874855,0.014511358
Lung_and_bronchus,Male,tie,,,1,4.5,0.0131249414893342,0.011813714,0.014436169
Lung_and_bronchus,Male,tie,,,1,4.5500002,0.013057001261002,0.011752769,0.014361233
Lung_and_bronchus,Male,tie,,,1,4.5999999,0.0129892929246024,0.011692028,0.014286557
Lung_and_bronchus,Male,tie,,,1,4.6500001,0.0129218214241681,0.011631494,0.014212149
Lung_and_bronchus,Male,tie,,,1,4.6999998,0.0128545938386703,0.011571174,0.014138014
Lung_and_bronchus,Male,tie,,,1,4.75,0.012787614261284,0.011511071,0.014064158
Lung_and_bronchus,Male,tie,,,1,4.8000002,0.0127208883180269,0.01145119,0.013990587
Lung_and_bronchus,Male,tie,,,1,4.8499999,0.0126544212567724,0.011391537,0.013917305
Lung_and_bronchus,Male,tie,,,1,4.9000001,0.0125882160782832,0.011332115,0.013844317
Lung_and_bronchus,Male,tie,,,1,4.9499998,0.0125222779875371,0.011272929,0.013771627
Lung_and_bronchus,Male,tie,,,1,5.0,0.0124566093619864,0.011213979,0.01369924
Lung_and_bronchus,Male,tie,,,2,0.0,0.0,0.0,0.0
Lung_and_bronchus,Male,tie,,,2,0.050000001,0.0023199048806156,0.0018374539,0.0028023559
Lung_and_bronchus,Male,tie,,,2,0.1,0.0045220037394347,0.0035791374,0.00546487
Lung_and_bronchus,Male,tie,,,2,0.15000001,0.0062890009756467,0.004981894,0.0075961081
Lung_and_bronchus,Male,tie,,,2,0.2,0.007699145693073,0.0061067427,0.0092915483
Lung_and_bronchus,Male,tie,,,2,0.25,0.008831637215765,0.0070148283,0.010648446
Lung_and_bronchus,Male,tie,,,2,0.30000001,0.0097478319332434,0.0077534807,0.011742183
Lung_and_bronchus,Male,tie,,,2,0.34999999,0.010493683966686,0.0083581982,0.01262917
Lung_and_bronchus,Male,tie,,,2,0.40000001,0.0111041436156291,0.00885606,0.013352227
Lung_and_bronchus,Male,tie,,,2,0.44999999,0.0116091154669377,0.0092704184,0.013947813
Lung_and_bronchus,Male,tie,,,2,0.5,0.0120318809796287,0.0096195424,0.01444422
Lung_and_bronchus,Male,tie,,,2,0.55000001,0.0123891276121535,0.0099165486,0.014861707
Lung_and_bronchus,Male,tie,,,2,0.60000002,0.0126930835590411,0.01017106,0.015215106
Lung_and_bronchus,Male,tie,,,2,0.64999998,0.0129529012103117,0.010390293,0.015515509
Lung_and_bronchus,Male,tie,,,2,0.69999999,0.0131755643455219,0.010579756,0.015771372
Lung_and_bronchus,Male,tie,,,2,0.75,0.0133664934329041,0.010743733,0.015989253
Lung_and_bronchus,Male,tie,,,2,0.80000001,0.0135299337887832,0.010885578,0.01617429
Lung_and_bronchus,Male,tie,,,2,0.85000002,0.0136687046562445,0.011007496,0.016329912
Lung_and_bronchus,Male,tie,,,2,0.89999998,0.0137847333350106,0.011110974,0.016458493
Lung_and_bronchus,Male,tie,,,2,0.94999999,0.0138798441740695,0.011197427,0.016562261
Lung_and_bronchus,Male,tie,,,2,1.0,0.013955769826323,0.011268207,0.016643332
Lung_and_bronchus,Male,tie,,,2,1.05,0.0140098423814141,0.011321332,0.016698353
Lung_and_bronchus,Male,tie,,,2,1.1,0.0140478696433883,0.011361243,0.016734496
Lung_and_bronchus,Male,tie,,,2,1.15,0.0140712849810397,0.011389075,0.016753495
Lung_and_bronchus,Male,tie,,,2,1.2,0.0140814170866038,0.011405885,0.01675695
Lung_and_bronchus,Male,tie,,,2,1.25,0.0140794936563912,0.011412652,0.016746335
Lung_and_bronchus,Male,tie,,,2,1.3,0.0140666467180056,0.011410284,0.016723011
Lung_and_bronchus,Male,tie,,,2,1.35,0.0140439180163932,0.011399617,0.016688218
Lung_and_bronchus,Male,tie,,,2,1.4,0.0140122650723355,0.011381426,0.016643105
Lung_and_bronchus,Male,tie,,,2,1.45,0.0139725674719453,0.01135642,0.016588716
Lung_and_bronchus,Male,tie,,,2,1.5,0.0139256740828122,0.011325291,0.016526056
Lung_and_bronchus,Male,tie,,,2,1.55,0.0138724055293015,0.011288714,0.016456097
Lung_and_bronchus,Male,tie,,,2,1.6,0.0138134917377003,0.011247286,0.016379697
Lung_and_bronchus,Male,tie,,,2,1.65,0.0137495795022551,0.011201541,0.016297618
Lung_and_bronchus,Male,tie,,,2,1.7,0.0136812423443715,0.011151953,0.016210532
Lung_and_bronchus,Male,tie,,,2,1.75,0.0136089909969189,0.011098943,0.016119039
Lung_and_bronchus,Male,tie,,,2,1.8,0.013533280224008,0.011042891,0.016023669
Lung_and_bronchus,Male,tie,,,2,1.85,0.013454516082319,0.010984133,0.015924899
Lung_and_bronchus,Male,tie,,,2,1.9,0.0133730623853704,0.010922974,0.01582315
Lung_and_bronchus,Male,tie,,,2,1.95,0.0132892444371127,0.010859685,0.015718803
Lung_and_bronchus,Male,tie,,,2,2.0,0.01320335496801,0.010794512,0.015612197
Lung_and_bronchus,Male,tie,,,2,2.05,0.0131111520814755,0.010724155,0.015498149
Lung_and_bronchus,Male,tie,,,2,2.0999999,0.0130174456920805,0.010652381,0.01538251
Lung_and_bronchus,Male,tie,,,2,2.1500001,0.0129224497207678,0.010579373,0.015265527
Lung_and_bronchus,Male,tie,,,2,2.2,0.0128263583851656,0.010505293,0.015147423
Lung_and_bronchus,Male,tie,,,2,2.25,0.0127293457373303,0.010430291,0.015028399
Lung_and_bronchus,Male,tie,,,2,2.3,0.0126315694551177,0.010354502,0.014908636
Lung_and_bronchus,Male,tie,,,2,2.3499999,0.0125331721408867,0.010278048,0.014788296
Lung_and_bronchus,Male,tie,,,2,2.4000001,0.0124342823933183,0.010201039,0.014667527
Lung_and_bronchus,Male,tie,,,2,2.45,0.0123350180626096,0.010123575,0.01454646
Lung_and_bronchus,Male,tie,,,2,2.5,0.0122354846321585,0.010045751,0.014425219
Lung_and_bronchus,Male,tie,,,2,2.55,0.0121357781795794,0.0099676475,0.014303909
Lung_and_bronchus,Male,tie,,,2,2.5999999,0.0120359858643619,0.009889341,0.014182631
Lung_and_bronchus,Male,tie,,,2,2.6500001,0.0119361863063669,0.0098109012,0.014061471
Lung_and_bronchus,Male,tie,,,2,2.7,0.0118364522524149,0.0097323917,0.013940513
Lung_and_bronchus,Male,tie,,,2,2.75,0.0117368484031075,0.0096538691,0.013819828
Lung_and_bronchus,Male,tie,,,2,2.8,0.0116374339284101,0.0095753856,0.013699482
Lung_and_bronchus,Male,tie,,,2,2.8499999,0.011538262540687,0.0094969906,0.013579534
Lung_and_bronchus,Male,tie,,,2,2.9000001,0.0114393825173918,0.009418726,0.013460039
Lung_and_bronchus,Male,tie,,,2,2.95,0.0113408390298118,0.0093406327,0.013341046
Lung_and_bronchus,Male,tie,,,2,3.0,0.0112426717141232,0.0092627462,0.013222598
Lung_and_bronchus,Male,tie,,,2,3.05,0.0111409289125075,0.0091819474,0.013099911
Lung_and_bronchus,Male,tie,,,2,3.0999999,0.0110397083687107,0.0091014756,0.012977941
Lung_and_bronchus,Male,tie,,,2,3.1500001,0.010939038636629,0.0090213576,0.01285672
Lung_and_bronchus,Male,tie,,,2,3.2,0.0108389468068659,0.0089416187,0.012736275
Lung_and_bronchus,Male,tie,,,2,3.25,0.010739455874013,0.0088622803,0.012616631
Lung_and_bronchus,Male,tie,,,2,3.3,0.0106405868843929,0.0087833647,0.01249781
Lung_and_bronchus,Male,tie,,,2,3.3499999,0.0105423586590627,0.0087048877,0.01237983
Lung_and_bronchus,Male,tie,,,2,3.4000001,0.0104447875161106,0.0086268662,0.012262709
Lung_and_bronchus,Male,tie,,,2,3.45,0.0103478892979209,0.0085493168,0.012146463
Lung_and_bronchus,Male,tie,,,2,3.5,0.0102516767339795,0.0084722508,0.012031103
Lung_and_bronchus,Male,tie,,,2,3.55,0.0101561614460535,0.0083956821,0.011916641
Lung_and_bronchus,Male,tie,,,2,3.5999999,0.0100613536101074,0.00831962,0.011803088
Lung_and_bronchus,Male,tie,,,2,3.6500001,0.009967261627074,0.0082440739,0.011690449
Lung_and_bronchus,Male,tie,,,2,3.7,0.0098738940218218,0.0081690541,0.011578734
Lung_and_bronchus,Male,tie,,,2,3.75,0.009781256849776,0.0080945659,0.011467948
Lung_and_bronchus,Male,tie,,,2,3.8,0.0096893555854737,0.008020618,0.011358093
Lung_and_bronchus,Male,tie,,,2,3.8499999,0.0095981947551421,0.0079472149,0.011249175
Lung_and_bronchus,Male,tie,,,2,3.9000001,0.0095077775834979,0.0078743603,0.011141195
Lung_and_bronchus,Male,tie,,,2,3.95,0.0094181077847303,0.0078020608,0.011034154
Lung_and_bronchus,Male,tie,,,2,4.0,0.0093291870399594,0.0077303192,0.010928055
Lung_and_bronchus,Male,tie,,,2,4.0500002,0.0092373861070367,0.0076562269,0.010818546
Lung_and_bronchus,Male,tie,,,2,4.0999999,0.0091464123651027,0.0075827553,0.01071007
Lung_and_bronchus,Male,tie,,,2,4.1500001,0.0090562632146929,0.007509904,0.010602622
Lung_and_bronchus,Male,tie,,,2,4.1999998,0.0089669389886949,0.0074376757,0.010496202
Lung_and_bronchus,Male,tie,,,2,4.25,0.0088784361180096,0.0073660687,0.010390804
Lung_and_bronchus,Male,tie,,,2,4.3000002,0.0087907531544066,0.0072950833,0.010286423
Lung_and_bronchus,Male,tie,,,2,4.3499999,0.0087038882167725,0.0072247195,0.010183057
Lung_and_bronchus,Male,tie,,,2,4.4000001,0.0086178365752386,0.0071549756,0.010080698
Lung_and_bronchus,Male,tie,,,2,4.4499998,0.0085325964622432,0.0070858509,0.0099793421
Lung_and_bronchus,Male,tie,,,2,4.5,0.0084481625363494,0.0070173428,0.0098789819
Lung_and_bronchus,Male,tie,,,2,4.5500002,0.0083645316189542,0.0069494504,0.0097796125
Lung_and_bronchus,Male,tie,,,2,4.5999999,0.0082817002459952,0.0068821716,0.0096812285
Lung_and_bronchus,Male,tie,,,2,4.6500001,0.0081996623556171,0.0068155029,0.0095838215
Lung_and_bronchus,Male,tie,,,2,4.6999998,0.0081184148201979,0.0067494437,0.0094873859
Lung_and_bronchus,Male,tie,,,2,4.75,0.008037951206901,0.006683989,0.0093919132
Lung_and_bronchus,Male,tie,,,2,4.8000002,0.0079582672386685,0.0066191368,0.0092973979
Lung_and_bronchus,Male,tie,,,2,4.8499999,0.0078793584531556,0.0065548844,0.0092038326
Lung_and_bronchus,Male,tie,,,2,4.9000001,0.0078012179942388,0.0064912275,0.0091112079
Lung_and_bronchus,Male,tie,,,2,4.9499998,0.0077238418759713,0.0064281644,0.0090195192
Lung_and_bronchus,Male,tie,,,2,5.0,0.007647223034162,0.0063656899,0.0089287562
