sex,race,stage,age_group,count,mean_age,sd_age,denominator,percentage,cancer_site
Female,White,Localised,1,267976,58.18919406555112,10.76522077413543,387972,69.07096388399164,Breast
Female,White,Regional,1,104896,58.18919406555112,10.76522077413543,387972,27.0370026702958,Breast
Female,White,Distant,1,15100,58.18919406555112,10.76522077413543,387972,3.892033445712577,Breast
Female,Black,Localised,1,37449,56.34424916210251,11.08346516569503,61165,61.22619144935829,Breast
Female,Black,Regional,1,20159,56.34424916210251,11.08346516569503,61165,32.95839123681844,Breast
Female,Black,Distant,1,3557,56.34424916210251,11.08346516569503,61165,5.815417313823265,Breast
Female,White,Localised,2,57691,79.88047504338591,3.897734834072163,77214,74.71572512756754,Breast
Female,White,Regional,2,16094,79.88047504338591,3.897734834072163,77214,20.84337037324837,Breast
Female,White,Distant,2,3429,79.88047504338591,3.897734834072163,77214,4.440904499184086,Breast
Female,Black,Localised,2,5772,79.82748364069006,3.854811665263904,8405,68.67340868530637,Breast
Female,Black,Regional,2,2140,79.82748364069006,3.854811665263904,8405,25.46103509815586,Breast
Female,Black,Distant,2,493,79.82748364069006,3.854811665263904,8405,5.865556216537775,Breast
Male,White,Localised,1,21057,60.01171475441475,9.976244498850399,51815,40.63881115507093,Colon
Male,White,Regional,1,21828,60.01171475441475,9.976244498850399,51815,42.12679725948085,Colon
Male,White,Distant,1,8930,60.01171475441475,9.976244498850399,51815,17.23439158544823,Colon
Male,Black,Localised,1,3630,58.98096460271628,9.767602301854462,9351,38.81937760667309,Colon
Male,Black,Regional,1,3773,58.98096460271628,9.767602301854462,9351,40.34862581542081,Colon
Male,Black,Distant,1,1948,58.98096460271628,9.767602301854462,9351,20.83199657790611,Colon
Male,White,Localised,2,7430,80.4225428640425,4.004387065427315,16564,44.85631489978266,Colon
Male,White,Regional,2,7077,80.4225428640425,4.004387065427315,16564,42.72518715286163,Colon
Male,White,Distant,2,2057,80.4225428640425,4.004387065427315,16564,12.41849794735571,Colon
Male,Black,Localised,2,683,79.83495145631068,3.822814172094047,1648,41.44417475728155,Colon
Male,Black,Regional,2,651,79.83495145631068,3.822814172094047,1648,39.50242718446602,Colon
Male,Black,Distant,2,314,79.83495145631068,3.822814172094047,1648,19.05339805825243,Colon
Female,White,Localised,1,17197,60.05123210513964,10.48894678479651,42610,40.35907064069468,Colon
Female,White,Regional,1,18169,60.05123210513964,10.48894678479651,42610,42.64022529922553,Colon
Female,White,Distant,1,7244,60.05123210513964,10.48894678479651,42610,17.00070406007979,Colon
Female,Black,Localised,1,3568,59.02560470690782,10.17714399413159,9178,38.87557202004794,Colon
Female,Black,Regional,1,3785,59.02560470690782,10.17714399413159,9178,41.23992155153628,Colon
Female,Black,Distant,1,1825,59.02560470690782,10.17714399413159,9178,19.88450642841578,Colon
Female,White,Localised,2,8870,81.08291123678387,4.12055359371716,20335,43.61937546102779,Colon
Female,White,Regional,2,9208,81.08291123678387,4.12055359371716,20335,45.28153430046717,Colon
Female,White,Distant,2,2257,81.08291123678387,4.12055359371716,20335,11.09909023850504,Colon
Female,Black,Localised,2,970,80.47499999999999,4.038652724088438,2320,41.81034482758621,Colon
Female,Black,Regional,2,969,80.47499999999999,4.038652724088438,2320,41.76724137931034,Colon
Female,Black,Distant,2,381,80.47499999999999,4.038652724088438,2320,16.42241379310345,Colon
Female,White,Localised,1,70446,59.72874177722043,9.844848903136981,90906,77.49323476998218,Corpus_and_uterus
Female,White,Regional,1,15220,59.72874177722043,9.844848903136981,90906,16.74256924735441,Corpus_and_uterus
Female,White,Distant,1,5240,59.72874177722043,9.844848903136981,90906,5.764195982663411,Corpus_and_uterus
Female,Black,Localised,1,9357,60.40874254896395,9.312822704841581,14092,66.39937553221687,Corpus_and_uterus
Female,Black,Regional,1,3006,60.40874254896395,9.312822704841581,14092,21.3312517740562,Corpus_and_uterus
Female,Black,Distant,1,1729,60.40874254896395,9.312822704841581,14092,12.26937269372694,Corpus_and_uterus
Female,White,Localised,2,10460,79.47599729546991,3.73499186697801,14790,70.72346179851252,Corpus_and_uterus
Female,White,Regional,2,3091,79.47599729546991,3.73499186697801,14790,20.89925625422583,Corpus_and_uterus
Female,White,Distant,2,1239,79.47599729546991,3.73499186697801,14790,8.377281947261665,Corpus_and_uterus
Female,Black,Localised,2,1012,79.10640668523676,3.59414520835951,1795,56.37883008356545,Corpus_and_uterus
Female,Black,Regional,2,491,79.10640668523676,3.59414520835951,1795,27.35376044568245,Corpus_and_uterus
Female,Black,Distant,2,292,79.10640668523676,3.59414520835951,1795,16.26740947075209,Corpus_and_uterus
Male,White,Localised,1,24024,64.70064841498559,7.501656884350023,66624,36.05907780979827,Lung_and_bronchus
Male,White,Regional,1,17706,64.70064841498559,7.501656884350023,66624,26.57600864553314,Lung_and_bronchus
Male,White,Distant,1,24894,64.70064841498559,7.501656884350023,66624,37.36491354466859,Lung_and_bronchus
Male,Black,Localised,1,3301,63.37477750089,7.839834221336944,11236,29.37878248487006,Lung_and_bronchus
Male,Black,Regional,1,2945,63.37477750089,7.839834221336944,11236,26.21039515841936,Lung_and_bronchus
Male,Black,Distant,1,4990,63.37477750089,7.839834221336944,11236,44.41082235671058,Lung_and_bronchus
Male,White,Localised,2,13562,79.78893773841081,3.79849583440841,30934,43.84172754897524,Lung_and_bronchus
Male,White,Regional,2,7061,79.78893773841081,3.79849583440841,30934,22.82601668067499,Lung_and_bronchus
Male,White,Distant,2,10311,79.78893773841081,3.79849583440841,30934,33.33225577034978,Lung_and_bronchus
Male,Black,Localised,2,1111,79.45309381237524,3.618904248882176,3006,36.95941450432468,Lung_and_bronchus
Male,Black,Regional,2,688,79.45309381237524,3.618904248882176,3006,22.88755821689954,Lung_and_bronchus
Male,Black,Distant,2,1207,79.45309381237524,3.618904248882176,3006,40.15302727877578,Lung_and_bronchus
Female,White,Localised,1,32254,64.29626496616346,7.672144994826303,76840,41.97553357626236,Lung_and_bronchus
Female,White,Regional,1,19062,64.29626496616346,7.672144994826303,76840,24.80739198334201,Lung_and_bronchus
Female,White,Distant,1,25524,64.29626496616346,7.672144994826303,76840,33.21707444039563,Lung_and_bronchus
Female,Black,Localised,1,3964,63.08315276273023,7.957542052224348,11076,35.78909353557241,Lung_and_bronchus
Female,Black,Regional,1,2810,63.08315276273023,7.957542052224348,11076,25.37016973636692,Lung_and_bronchus
Female,Black,Distant,1,4302,63.08315276273023,7.957542052224348,11076,38.84073672806067,Lung_and_bronchus
Female,White,Localised,2,17344,79.88121653695424,3.83035488944013,36234,47.86664458795607,Lung_and_bronchus
Female,White,Regional,2,7814,79.88121653695424,3.83035488944013,36234,21.56538058177403,Lung_and_bronchus
Female,White,Distant,2,11076,79.88121653695424,3.83035488944013,36234,30.56797483026991,Lung_and_bronchus
Female,Black,Localised,2,1481,79.69286333429645,3.769995389685973,3461,42.79110083790812,Lung_and_bronchus
Female,Black,Regional,2,744,79.69286333429645,3.769995389685973,3461,21.49667726090725,Lung_and_bronchus
Female,Black,Distant,2,1236,79.69286333429645,3.769995389685973,3461,35.71222190118463,Lung_and_bronchus
Male,White,Localised,1,11845,60.31105485232067,9.234430484364839,47400,24.98945147679325,Oral_cavity_and_pharynx
Male,White,Regional,1,31197,60.31105485232067,9.234430484364839,47400,65.81645569620254,Oral_cavity_and_pharynx
Male,White,Distant,1,4358,60.31105485232067,9.234430484364839,47400,9.194092827004219,Oral_cavity_and_pharynx
Male,Black,Localised,1,884,58.14349146996962,10.40814916365822,4279,20.65903248422529,Oral_cavity_and_pharynx
Male,Black,Regional,1,2752,58.14349146996962,10.40814916365822,4279,64.31409207758823,Oral_cavity_and_pharynx
Male,Black,Distant,1,643,58.14349146996962,10.40814916365822,4279,15.02687543818649,Oral_cavity_and_pharynx
Male,White,Localised,2,3059,79.65603726262988,3.856314856923165,8373,36.53409769497193,Oral_cavity_and_pharynx
Male,White,Regional,2,4481,79.65603726262988,3.856314856923165,8373,53.51725785262153,Oral_cavity_and_pharynx
Male,White,Distant,2,833,79.65603726262988,3.856314856923165,8373,9.948644452406546,Oral_cavity_and_pharynx
Male,Black,Localised,2,117,79.63492063492063,3.737470651214115,441,26.53061224489796,Oral_cavity_and_pharynx
Male,Black,Regional,2,257,79.63492063492063,3.737470651214115,441,58.27664399092971,Oral_cavity_and_pharynx
Male,Black,Distant,2,67,79.63492063492063,3.737470651214115,441,15.19274376417234,Oral_cavity_and_pharynx
Female,White,Localised,1,7660,59.07309071024971,11.35168181488837,16459,46.53988699191932,Oral_cavity_and_pharynx
Female,White,Regional,1,7530,59.07309071024971,11.35168181488837,16459,45.75004556777447,Oral_cavity_and_pharynx
Female,White,Distant,1,1269,59.07309071024971,11.35168181488837,16459,7.710067440306216,Oral_cavity_and_pharynx
Female,Black,Localised,1,854,55.69179068650984,12.76263250597556,2083,40.99855976956313,Oral_cavity_and_pharynx
Female,Black,Regional,1,963,55.69179068650984,12.76263250597556,2083,46.23139702352376,Oral_cavity_and_pharynx
Female,Black,Distant,1,266,55.69179068650984,12.76263250597556,2083,12.77004320691311,Oral_cavity_and_pharynx
Female,White,Localised,2,2276,80.38233383849318,4.092075770877155,4619,49.27473479108032,Oral_cavity_and_pharynx
Female,White,Regional,2,1920,80.38233383849318,4.092075770877155,4619,41.56743883957567,Oral_cavity_and_pharynx
Female,White,Distant,2,423,80.38233383849318,4.092075770877155,4619,9.157826369344013,Oral_cavity_and_pharynx
Female,Black,Localised,2,102,80.04942965779468,3.683239019323643,263,38.78326996197718,Oral_cavity_and_pharynx
Female,Black,Regional,2,115,80.04942965779468,3.683239019323643,263,43.72623574144487,Oral_cavity_and_pharynx
Female,Black,Distant,2,46,80.04942965779468,3.683239019323643,263,17.49049429657795,Oral_cavity_and_pharynx
Female,White,Localised,1,7915,55.92803148379053,12.88794831877052,25664,30.84086658354115,Ovary
Female,White,Regional,1,5631,55.92803148379053,12.88794831877052,25664,21.94124064837905,Ovary
Female,White,Distant,1,12118,55.92803148379053,12.88794831877052,25664,47.2178927680798,Ovary
Female,Black,Localised,1,1119,54.26872246696036,13.37420301877484,3405,32.86343612334802,Ovary
Female,Black,Regional,1,652,54.26872246696036,13.37420301877484,3405,19.14831130690161,Ovary
Female,Black,Distant,1,1634,54.26872246696036,13.37420301877484,3405,47.98825256975037,Ovary
Female,White,Localised,2,705,79.92249020820449,3.920468526552339,4851,14.53308596165739,Ovary
Female,White,Regional,2,846,79.92249020820449,3.920468526552339,4851,17.43970315398887,Ovary
Female,White,Distant,2,3300,79.92249020820449,3.920468526552339,4851,68.02721088435374,Ovary
Female,Black,Localised,2,71,79.76959619952494,3.796819104559422,421,16.8646080760095,Ovary
Female,Black,Regional,2,51,79.76959619952494,3.796819104559422,421,12.11401425178147,Ovary
Female,Black,Distant,2,299,79.76959619952494,3.796819104559422,421,71.02137767220903,Ovary
Male,White,Localised,1,4399,62.49449763398261,9.197601928730576,18174,24.20490811048751,Pancreas
Male,White,Regional,1,6420,62.49449763398261,9.197601928730576,18174,35.3251898316276,Pancreas
Male,White,Distant,1,7355,62.49449763398261,9.197601928730576,18174,40.46990205788489,Pancreas
Male,Black,Localised,1,572,60.66332218506132,9.579387914953386,2691,21.25603864734299,Pancreas
Male,Black,Regional,1,912,60.66332218506132,9.579387914953386,2691,33.8907469342252,Pancreas
Male,Black,Distant,1,1207,60.66332218506132,9.579387914953386,2691,44.85321441843181,Pancreas
Male,White,Localised,2,1728,79.8805166846071,3.81529409141546,6503,26.57235122251269,Pancreas
Male,White,Regional,2,2214,79.8805166846071,3.81529409141546,6503,34.04582500384439,Pancreas
Male,White,Distant,2,2561,79.8805166846071,3.81529409141546,6503,39.38182377364294,Pancreas
Male,Black,Localised,2,160,79.74704890387858,3.844102480120938,593,26.9814502529511,Pancreas
Male,Black,Regional,2,201,79.74704890387858,3.844102480120938,593,33.89544688026982,Pancreas
Male,Black,Distant,2,232,79.74704890387858,3.844102480120938,593,39.12310286677909,Pancreas
Female,White,Localised,1,3984,61.73998827896074,10.66412425159809,15357,25.94256690759914,Pancreas
Female,White,Regional,1,5635,61.73998827896074,10.66412425159809,15357,36.69336458943804,Pancreas
Female,White,Distant,1,5738,61.73998827896074,10.66412425159809,15357,37.36406850296282,Pancreas
Female,Black,Localised,1,824,60.29572872513857,10.62144033531114,3067,26.86664492989892,Pancreas
Female,Black,Regional,1,1074,60.29572872513857,10.62144033531114,3067,35.01793283338768,Pancreas
Female,Black,Distant,1,1169,60.29572872513857,10.62144033531114,3067,38.1154222367134,Pancreas
Female,White,Localised,2,1635,80.24029962546817,3.955789530829334,6675,24.49438202247191,Pancreas
Female,White,Regional,2,2409,80.24029962546817,3.955789530829334,6675,36.08988764044943,Pancreas
Female,White,Distant,2,2631,80.24029962546817,3.955789530829334,6675,39.41573033707865,Pancreas
Female,Black,Localised,2,230,80.32984901277584,4.011367985701543,861,26.71312427409989,Pancreas
Female,Black,Regional,2,284,80.32984901277584,4.011367985701543,861,32.98490127758421,Pancreas
Female,Black,Distant,2,347,80.32984901277584,4.011367985701543,861,40.30197444831592,Pancreas
Male,White,Localised,1,13599,57.79589958880869,10.17350245826264,34777,39.10343042815654,Rectum
Male,White,Regional,1,15287,57.79589958880869,10.17350245826264,34777,43.95721310061248,Rectum
Male,White,Distant,1,5891,57.79589958880869,10.17350245826264,34777,16.93935647123098,Rectum
Male,Black,Localised,1,2123,57.43463351907415,9.847590585923941,4666,45.49935705100729,Rectum
Male,Black,Regional,1,1680,57.43463351907415,9.847590585923941,4666,36.00514359194171,Rectum
Male,Black,Distant,1,863,57.43463351907415,9.847590585923941,4666,18.49549935705101,Rectum
Male,White,Localised,2,2590,80.036830162332,3.973446009523573,5729,45.20858788619305,Rectum
Male,White,Regional,2,2386,80.036830162332,3.973446009523573,5729,41.64775702565893,Rectum
Male,White,Distant,2,753,80.036830162332,3.973446009523573,5729,13.14365508814802,Rectum
Male,Black,Localised,2,221,79.87548638132296,3.93118960523272,514,42.99610894941635,Rectum
Male,Black,Regional,2,179,79.87548638132296,3.93118960523272,514,34.82490272373541,Rectum
Male,Black,Distant,2,114,79.87548638132296,3.93118960523272,514,22.17898832684825,Rectum
Female,White,Localised,1,9906,57.11895031189503,10.56128728534265,23245,42.61561626156163,Rectum
Female,White,Regional,1,9674,57.11895031189503,10.56128728534265,23245,41.61755216175521,Rectum
Female,White,Distant,1,3665,57.11895031189503,10.56128728534265,23245,15.76683157668316,Rectum
Female,Black,Localised,1,2200,55.98320847326272,10.58581163134189,3871,56.83285972616895,Rectum
Female,Black,Regional,1,1146,55.98320847326272,10.58581163134189,3871,29.60475329372255,Rectum
Female,Black,Distant,1,525,55.98320847326272,10.58581163134189,3871,13.5623869801085,Rectum
Female,White,Localised,2,2002,80.48356914650844,4.088116319516455,4382,45.68690095846645,Rectum
Female,White,Regional,2,1746,80.48356914650844,4.088116319516455,4382,39.84481971702419,Rectum
Female,White,Distant,2,634,80.48356914650844,4.088116319516455,4382,14.46827932450936,Rectum
Female,Black,Localised,2,224,80.17699115044248,4.06265800182994,452,49.5575221238938,Rectum
Female,Black,Regional,2,160,80.17699115044248,4.06265800182994,452,35.39823008849557,Rectum
Female,Black,Distant,2,68,80.17699115044248,4.06265800182994,452,15.04424778761062,Rectum
